0x00739080	0x00339080	55                              	push    	ebp
0x00739081	0x00339081	8b ec                           	mov     	ebp, esp
0x00739083	0x00339083	83 ec 24                        	sub     	esp, 0x24
0x00739086	0x00339086	f3 0f 7e 05 9c f6 b1 00         	movq    	xmm0, qword ptr [0xb1f69c]
0x0073908E	0x0033908E	53                              	push    	ebx
0x0073908F	0x0033908F	56                              	push    	esi
0x00739090	0x00339090	57                              	push    	edi
0x00739091	0x00339091	8b fa                           	mov     	edi, edx
0x00739093	0x00339093	66 0f d6 45 e4                  	movq    	qword ptr [ebp - 0x1c], xmm0
0x00739098	0x00339098	8b d1                           	mov     	edx, ecx
0x0073909A	0x0033909A	89 7d e0                        	mov     	dword ptr [ebp - 0x20], edi
0x0073909D	0x0033909D	8b 0d 78 16 c7 00               	mov     	ecx, dword ptr [0xc71678]
0x007390A3	0x003390A3	33 db                           	xor     	ebx, ebx
0x007390A5	0x003390A5	89 55 f0                        	mov     	dword ptr [ebp - 0x10], edx
0x007390A8	0x003390A8	8d 81 10 89 01 00               	lea     	eax, [ecx + 0x18910]
0x007390AE	0x003390AE	89 45 fc                        	mov     	dword ptr [ebp - 4], eax
0x007390B1	0x003390B1	8b c2                           	mov     	eax, edx
0x007390B3	0x003390B3	f7 d8                           	neg     	eax
0x007390B5	0x003390B5	85 d2                           	test    	edx, edx
0x007390B7	0x003390B7	0f 48 d8                        	cmovs   	ebx, eax
0x007390BA	0x003390BA	a1 a4 f6 b1 00                  	mov     	eax, dword ptr [0xb1f6a4]
0x007390BF	0x003390BF	33 f6                           	xor     	esi, esi
0x007390C1	0x003390C1	89 45 f4                        	mov     	dword ptr [ebp - 0xc], eax
0x007390C4	0x003390C4	89 45 ec                        	mov     	dword ptr [ebp - 0x14], eax
0x007390C7	0x003390C7	85 db                           	test    	ebx, ebx
0x007390C9	0x003390C9	0f 84 b3 01 00 00               	je      	0x739282
0x007390CF	0x003390CF	c7 45 f8 32 00 00 00            	mov     	dword ptr [ebp - 8], 0x32
0x007390D6	0x003390D6	85 f6                           	test    	esi, esi
0x007390D8	0x003390D8	0f 84 26 01 00 00               	je      	0x739204
0x007390DE	0x003390DE	a1 9c 16 c7 00                  	mov     	eax, dword ptr [0xc7169c]
0x007390E3	0x003390E3	80 78 5c 00                     	cmp     	byte ptr [eax + 0x5c], 0
0x007390E7	0x003390E7	75 26                           	jne     	0x73910f
0x007390E9	0x003390E9	83 78 08 02                     	cmp     	dword ptr [eax + 8], 2
0x007390ED	0x003390ED	75 16                           	jne     	0x739105
0x007390EF	0x003390EF	85 c9                           	test    	ecx, ecx
0x007390F1	0x003390F1	74 12                           	je      	0x739105
0x007390F3	0x003390F3	83 b9 30 66 02 00 00            	cmp     	dword ptr [ecx + 0x26630], 0
0x007390FA	0x003390FA	77 13                           	ja      	0x73910f
0x007390FC	0x003390FC	80 b9 89 65 02 00 00            	cmp     	byte ptr [ecx + 0x26589], 0
0x00739103	0x00339103	75 0a                           	jne     	0x73910f
0x00739105	0x00339105	83 7e 10 14                     	cmp     	dword ptr [esi + 0x10], 0x14
0x00739109	0x00339109	0f 84 f5 00 00 00               	je      	0x739204
0x0073910F	0x0033910F	80 78 5d 00                     	cmp     	byte ptr [eax + 0x5d], 0
0x00739113	0x00339113	75 26                           	jne     	0x73913b
0x00739115	0x00339115	83 78 08 02                     	cmp     	dword ptr [eax + 8], 2
0x00739119	0x00339119	75 16                           	jne     	0x739131
0x0073911B	0x0033911B	85 c9                           	test    	ecx, ecx
0x0073911D	0x0033911D	74 12                           	je      	0x739131
0x0073911F	0x0033911F	83 b9 30 66 02 00 00            	cmp     	dword ptr [ecx + 0x26630], 0
0x00739126	0x00339126	77 13                           	ja      	0x73913b
0x00739128	0x00339128	80 b9 89 65 02 00 00            	cmp     	byte ptr [ecx + 0x26589], 0
0x0073912F	0x0033912F	75 0a                           	jne     	0x73913b
0x00739131	0x00339131	83 7e 10 15                     	cmp     	dword ptr [esi + 0x10], 0x15
0x00739135	0x00339135	0f 84 c9 00 00 00               	je      	0x739204
0x0073913B	0x0033913B	80 78 5e 00                     	cmp     	byte ptr [eax + 0x5e], 0
0x0073913F	0x0033913F	75 26                           	jne     	0x739167
0x00739141	0x00339141	83 78 08 02                     	cmp     	dword ptr [eax + 8], 2
0x00739145	0x00339145	75 16                           	jne     	0x73915d
0x00739147	0x00339147	85 c9                           	test    	ecx, ecx
0x00739149	0x00339149	74 12                           	je      	0x73915d
0x0073914B	0x0033914B	83 b9 30 66 02 00 00            	cmp     	dword ptr [ecx + 0x26630], 0
0x00739152	0x00339152	77 13                           	ja      	0x739167
0x00739154	0x00339154	80 b9 89 65 02 00 00            	cmp     	byte ptr [ecx + 0x26589], 0
0x0073915B	0x0033915B	75 0a                           	jne     	0x739167
0x0073915D	0x0033915D	83 7e 10 13                     	cmp     	dword ptr [esi + 0x10], 0x13
0x00739161	0x00339161	0f 84 9d 00 00 00               	je      	0x739204
0x00739167	0x00339167	80 b8 90 00 00 00 00            	cmp     	byte ptr [eax + 0x90], 0
0x0073916E	0x0033916E	75 22                           	jne     	0x739192
0x00739170	0x00339170	83 78 08 02                     	cmp     	dword ptr [eax + 8], 2
0x00739174	0x00339174	75 16                           	jne     	0x73918c
0x00739176	0x00339176	85 c9                           	test    	ecx, ecx
0x00739178	0x00339178	74 12                           	je      	0x73918c
0x0073917A	0x0033917A	83 b9 30 66 02 00 00            	cmp     	dword ptr [ecx + 0x26630], 0
0x00739181	0x00339181	77 0f                           	ja      	0x739192
0x00739183	0x00339183	80 b9 89 65 02 00 00            	cmp     	byte ptr [ecx + 0x26589], 0
0x0073918A	0x0033918A	75 06                           	jne     	0x739192
0x0073918C	0x0033918C	83 7e 10 2a                     	cmp     	dword ptr [esi + 0x10], 0x2a
0x00739190	0x00339190	74 72                           	je      	0x739204
0x00739192	0x00339192	80 b8 a6 01 00 00 00            	cmp     	byte ptr [eax + 0x1a6], 0
0x00739199	0x00339199	75 29                           	jne     	0x7391c4
0x0073919B	0x0033919B	83 78 08 02                     	cmp     	dword ptr [eax + 8], 2
0x0073919F	0x0033919F	75 16                           	jne     	0x7391b7
0x007391A1	0x003391A1	85 c9                           	test    	ecx, ecx
0x007391A3	0x003391A3	74 12                           	je      	0x7391b7
0x007391A5	0x003391A5	83 b9 30 66 02 00 00            	cmp     	dword ptr [ecx + 0x26630], 0
0x007391AC	0x003391AC	77 16                           	ja      	0x7391c4
0x007391AE	0x003391AE	80 b9 89 65 02 00 00            	cmp     	byte ptr [ecx + 0x26589], 0
0x007391B5	0x003391B5	75 0d                           	jne     	0x7391c4
0x007391B7	0x003391B7	8b 56 10                        	mov     	edx, dword ptr [esi + 0x10]
0x007391BA	0x003391BA	83 fa 39                        	cmp     	edx, 0x39
0x007391BD	0x003391BD	72 05                           	jb      	0x7391c4
0x007391BF	0x003391BF	83 fa 42                        	cmp     	edx, 0x42
0x007391C2	0x003391C2	76 40                           	jbe     	0x739204
0x007391C4	0x003391C4	80 b8 a7 01 00 00 00            	cmp     	byte ptr [eax + 0x1a7], 0
0x007391CB	0x003391CB	0f 85 87 01 00 00               	jne     	0x739358
0x007391D1	0x003391D1	83 78 08 02                     	cmp     	dword ptr [eax + 8], 2
0x007391D5	0x003391D5	75 1e                           	jne     	0x7391f5
0x007391D7	0x003391D7	85 c9                           	test    	ecx, ecx
0x007391D9	0x003391D9	74 1a                           	je      	0x7391f5
0x007391DB	0x003391DB	83 b9 30 66 02 00 00            	cmp     	dword ptr [ecx + 0x26630], 0
0x007391E2	0x003391E2	0f 87 70 01 00 00               	ja      	0x739358
0x007391E8	0x003391E8	80 b9 89 65 02 00 00            	cmp     	byte ptr [ecx + 0x26589], 0
0x007391EF	0x003391EF	0f 85 63 01 00 00               	jne     	0x739358
0x007391F5	0x003391F5	8b 46 10                        	mov     	eax, dword ptr [esi + 0x10]
0x007391F8	0x003391F8	83 e8 43                        	sub     	eax, 0x43
0x007391FB	0x003391FB	83 f8 05                        	cmp     	eax, 5
0x007391FE	0x003391FE	0f 87 54 01 00 00               	ja      	0x739358
0x00739204	0x00339204	c7 45 f0 00 00 00 00            	mov     	dword ptr [ebp - 0x10], 0
0x0073920B	0x0033920B	85 ff                           	test    	edi, edi
0x0073920D	0x0033920D	75 10                           	jne     	0x73921f
0x0073920F	0x0033920F	68 54 bf b6 00                  	push    	0xb6bf54
0x00739214	0x00339214	6a 10                           	push    	0x10
0x00739216	0x00339216	e8 a5 80 2d 00                  	call    	0xa112c0
0x0073921B	0x0033921B	83 c4 08                        	add     	esp, 8
0x0073921E	0x0033921E	cc                              	int3    	
0x0073921F	0x0033921F	8b 4d e4                        	mov     	ecx, dword ptr [ebp - 0x1c]
0x00739222	0x00339222	8b d7                           	mov     	edx, edi
0x00739224	0x00339224	d3 ea                           	shr     	edx, cl
0x00739226	0x00339226	8b 4d e8                        	mov     	ecx, dword ptr [ebp - 0x18]
0x00739229	0x00339229	33 d7                           	xor     	edx, edi
0x0073922B	0x0033922B	6a ff                           	push    	-1
0x0073922D	0x0033922D	8b c2                           	mov     	eax, edx
0x0073922F	0x0033922F	d3 e0                           	shl     	eax, cl
0x00739231	0x00339231	8b 4d f4                        	mov     	ecx, dword ptr [ebp - 0xc]
0x00739234	0x00339234	33 c2                           	xor     	eax, edx
0x00739236	0x00339236	6a ff                           	push    	-1
0x00739238	0x00339238	8b f8                           	mov     	edi, eax
0x0073923A	0x0033923A	d3 ef                           	shr     	edi, cl
0x0073923C	0x0033923C	8b 4d fc                        	mov     	ecx, dword ptr [ebp - 4]
0x0073923F	0x0033923F	33 f8                           	xor     	edi, eax
0x00739241	0x00339241	8d 45 f0                        	lea     	eax, [ebp - 0x10]
0x00739244	0x00339244	50                              	push    	eax
0x00739245	0x00339245	6a 0a                           	push    	0xa
0x00739247	0x00339247	6a 01                           	push    	1
0x00739249	0x00339249	8d 43 31                        	lea     	eax, [ebx + 0x31]
0x0073924C	0x0033924C	50                              	push    	eax
0x0073924D	0x0033924D	53                              	push    	ebx
0x0073924E	0x0033924E	6a 0d                           	push    	0xd
0x00739250	0x00339250	6a 05                           	push    	5
0x00739252	0x00339252	6a 00                           	push    	0
0x00739254	0x00339254	6a 01                           	push    	1
0x00739256	0x00339256	57                              	push    	edi
0x00739257	0x00339257	e8 74 35 0f 00                  	call    	0x82c7d0
0x0073925C	0x0033925C	8b f0                           	mov     	esi, eax
0x0073925E	0x0033925E	8b 45 f8                        	mov     	eax, dword ptr [ebp - 8]
0x00739261	0x00339261	8b c8                           	mov     	ecx, eax
0x00739263	0x00339263	48                              	dec     	eax
0x00739264	0x00339264	89 45 f8                        	mov     	dword ptr [ebp - 8], eax
0x00739267	0x00339267	85 c9                           	test    	ecx, ecx
0x00739269	0x00339269	0f 8e e9 00 00 00               	jle     	0x739358
0x0073926F	0x0033926F	85 f6                           	test    	esi, esi
0x00739271	0x00339271	0f 84 e1 00 00 00               	je      	0x739358
0x00739277	0x00339277	8b 0d 78 16 c7 00               	mov     	ecx, dword ptr [0xc71678]
0x0073927D	0x0033927D	e9 54 fe ff ff                  	jmp     	0x7390d6
0x00739282	0x00339282	83 fa 59                        	cmp     	edx, 0x59
0x00739285	0x00339285	75 4e                           	jne     	0x7392d5
0x00739287	0x00339287	8b 91 4c 65 02 00               	mov     	edx, dword ptr [ecx + 0x2654c]
0x0073928D	0x0033928D	33 c0                           	xor     	eax, eax
0x0073928F	0x0033928F	81 e2 00 80 00 00               	and     	edx, 0x8000
0x00739295	0x00339295	0b c2                           	or      	eax, edx
0x00739297	0x00339297	74 3c                           	je      	0x7392d5
0x00739299	0x00339299	51                              	push    	ecx
0x0073929A	0x0033929A	89 75 f0                        	mov     	dword ptr [ebp - 0x10], esi
0x0073929D	0x0033929D	e8 ce f1 ff ff                  	call    	0x738470
0x007392A2	0x003392A2	8d 4d e0                        	lea     	ecx, [ebp - 0x20]
0x007392A5	0x003392A5	8b f0                           	mov     	esi, eax
0x007392A7	0x003392A7	e8 44 fe 0a 00                  	call    	0x7e90f0
0x007392AC	0x003392AC	51                              	push    	ecx
0x007392AD	0x003392AD	6a 59                           	push    	0x59
0x007392AF	0x003392AF	8d 4d f0                        	lea     	ecx, [ebp - 0x10]
0x007392B2	0x003392B2	51                              	push    	ecx
0x007392B3	0x003392B3	8b 4d fc                        	mov     	ecx, dword ptr [ebp - 4]
0x007392B6	0x003392B6	6a 0a                           	push    	0xa
0x007392B8	0x003392B8	6a 01                           	push    	1
0x007392BA	0x003392BA	83 ec 08                        	sub     	esp, 8
0x007392BD	0x003392BD	6a 0d                           	push    	0xd
0x007392BF	0x003392BF	6a 05                           	push    	5
0x007392C1	0x003392C1	6a 1f                           	push    	0x1f
0x007392C3	0x003392C3	56                              	push    	esi
0x007392C4	0x003392C4	6a 01                           	push    	1
0x007392C6	0x003392C6	50                              	push    	eax
0x007392C7	0x003392C7	e8 04 3b 0f 00                  	call    	0x82cdd0
0x007392CC	0x003392CC	8b f0                           	mov     	esi, eax
0x007392CE	0x003392CE	5f                              	pop     	edi
0x007392CF	0x003392CF	5e                              	pop     	esi
0x007392D0	0x003392D0	5b                              	pop     	ebx
0x007392D1	0x003392D1	8b e5                           	mov     	esp, ebp
0x007392D3	0x003392D3	5d                              	pop     	ebp
0x007392D4	0x003392D4	c3                              	ret     	
0x007392D5	0x003392D5	bb 32 00 00 00                  	mov     	ebx, 0x32
0x007392DA	0x003392DA	85 f6                           	test    	esi, esi
0x007392DC	0x003392DC	74 15                           	je      	0x7392f3
0x007392DE	0x003392DE	83 7e 08 05                     	cmp     	dword ptr [esi + 8], 5
0x007392E2	0x003392E2	75 74                           	jne     	0x739358
0x007392E4	0x003392E4	8b 46 0c                        	mov     	eax, dword ptr [esi + 0xc]
0x007392E7	0x003392E7	2d 74 0e 00 00                  	sub     	eax, 0xe74
0x007392EC	0x003392EC	3d 95 00 00 00                  	cmp     	eax, 0x95
0x007392F1	0x003392F1	77 65                           	ja      	0x739358
0x007392F3	0x003392F3	c7 45 f8 00 00 00 00            	mov     	dword ptr [ebp - 8], 0
0x007392FA	0x003392FA	85 ff                           	test    	edi, edi
0x007392FC	0x003392FC	75 10                           	jne     	0x73930e
0x007392FE	0x003392FE	68 54 bf b6 00                  	push    	0xb6bf54
0x00739303	0x00339303	6a 10                           	push    	0x10
0x00739305	0x00339305	e8 b6 7f 2d 00                  	call    	0xa112c0
0x0073930A	0x0033930A	83 c4 08                        	add     	esp, 8
0x0073930D	0x0033930D	cc                              	int3    	
0x0073930E	0x0033930E	8b 4d e4                        	mov     	ecx, dword ptr [ebp - 0x1c]
0x00739311	0x00339311	8b d7                           	mov     	edx, edi
0x00739313	0x00339313	d3 ea                           	shr     	edx, cl
0x00739315	0x00339315	8b 4d e8                        	mov     	ecx, dword ptr [ebp - 0x18]
0x00739318	0x00339318	33 d7                           	xor     	edx, edi
0x0073931A	0x0033931A	6a ff                           	push    	-1
0x0073931C	0x0033931C	ff 75 f0                        	push    	dword ptr [ebp - 0x10]
0x0073931F	0x0033931F	8b c2                           	mov     	eax, edx
0x00739321	0x00339321	d3 e0                           	shl     	eax, cl
0x00739323	0x00339323	8b 4d f4                        	mov     	ecx, dword ptr [ebp - 0xc]
0x00739326	0x00339326	33 c2                           	xor     	eax, edx
0x00739328	0x00339328	8b f8                           	mov     	edi, eax
0x0073932A	0x0033932A	d3 ef                           	shr     	edi, cl
0x0073932C	0x0033932C	8b 4d fc                        	mov     	ecx, dword ptr [ebp - 4]
0x0073932F	0x0033932F	33 f8                           	xor     	edi, eax
0x00739331	0x00339331	8d 45 f8                        	lea     	eax, [ebp - 8]
0x00739334	0x00339334	50                              	push    	eax
0x00739335	0x00339335	6a 0a                           	push    	0xa
0x00739337	0x00339337	6a 01                           	push    	1
0x00739339	0x00339339	6a ff                           	push    	-1
0x0073933B	0x0033933B	6a 00                           	push    	0
0x0073933D	0x0033933D	6a 0d                           	push    	0xd
0x0073933F	0x0033933F	6a 05                           	push    	5
0x00739341	0x00339341	6a 00                           	push    	0
0x00739343	0x00339343	6a 01                           	push    	1
0x00739345	0x00339345	57                              	push    	edi
0x00739346	0x00339346	e8 85 34 0f 00                  	call    	0x82c7d0
0x0073934B	0x0033934B	8b f0                           	mov     	esi, eax
0x0073934D	0x0033934D	8b c3                           	mov     	eax, ebx
0x0073934F	0x0033934F	4b                              	dec     	ebx
0x00739350	0x00339350	85 c0                           	test    	eax, eax
0x00739352	0x00339352	7e 04                           	jle     	0x739358
0x00739354	0x00339354	85 f6                           	test    	esi, esi
0x00739356	0x00339356	75 86                           	jne     	0x7392de
0x00739358	0x00339358	5f                              	pop     	edi
0x00739359	0x00339359	8b c6                           	mov     	eax, esi
0x0073935B	0x0033935B	5e                              	pop     	esi
0x0073935C	0x0033935C	5b                              	pop     	ebx
0x0073935D	0x0033935D	8b e5                           	mov     	esp, ebp
0x0073935F	0x0033935F	5d                              	pop     	ebp
