0x0073CF20	0x0033CF20	8b e5                           	mov     	esp, ebp
0x0073CF22	0x0033CF22	5d                              	pop     	ebp
0x0073CF23	0x0033CF23	c2 0c 00                        	ret     	0xc
0x0073CF26	0x0033CF26	83 f8 1e                        	cmp     	eax, 0x1e
0x0073CF29	0x0033CF29	75 0c                           	jne     	0x73cf37
0x0073CF2B	0x0033CF2B	c7 85 14 ff ff ff 1d 00 00 00   	mov     	dword ptr [ebp - 0xec], 0x1d
0x0073CF35	0x0033CF35	eb 14                           	jmp     	0x73cf4b
0x0073CF37	0x0033CF37	83 f8 08                        	cmp     	eax, 8
0x0073CF3A	0x0033CF3A	74 05                           	je      	0x73cf41
0x0073CF3C	0x0033CF3C	83 f8 09                        	cmp     	eax, 9
0x0073CF3F	0x0033CF3F	75 0a                           	jne     	0x73cf4b
0x0073CF41	0x0033CF41	c7 85 14 ff ff ff 07 00 00 00   	mov     	dword ptr [ebp - 0xec], 7
0x0073CF4B	0x0033CF4B	8b 8d 2c ff ff ff               	mov     	ecx, dword ptr [ebp - 0xd4]
0x0073CF51	0x0033CF51	8d 85 f0 fe ff ff               	lea     	eax, [ebp - 0x110]
0x0073CF57	0x0033CF57	50                              	push    	eax
0x0073CF58	0x0033CF58	e8 03 55 01 00                  	call    	0x752460
0x0073CF5D	0x0033CF5D	c6 45 fc 08                     	mov     	byte ptr [ebp - 4], 8
0x0073CF61	0x0033CF61	33 c0                           	xor     	eax, eax
0x0073CF63	0x0033CF63	8b 95 28 ff ff ff               	mov     	edx, dword ptr [ebp - 0xd8]
0x0073CF69	0x0033CF69	89 85 30 ff ff ff               	mov     	dword ptr [ebp - 0xd0], eax
0x0073CF6F	0x0033CF6F	8d 0c 13                        	lea     	ecx, [ebx + edx]
0x0073CF72	0x0033CF72	89 8d 0c ff ff ff               	mov     	dword ptr [ebp - 0xf4], ecx
0x0073CF78	0x0033CF78	85 c9                           	test    	ecx, ecx
0x0073CF7A	0x0033CF7A	0f 84 a1 01 00 00               	je      	0x73d121
0x0073CF80	0x0033CF80	85 d2                           	test    	edx, edx
0x0073CF82	0x0033CF82	0f 8e 9d 01 00 00               	jle     	0x73d125
0x0073CF88	0x0033CF88	33 d2                           	xor     	edx, edx
0x0073CF8A	0x0033CF8A	89 95 08 ff ff ff               	mov     	dword ptr [ebp - 0xf8], edx
0x0073CF90	0x0033CF90	3b c3                           	cmp     	eax, ebx
0x0073CF92	0x0033CF92	73 29                           	jae     	0x73cfbd
0x0073CF94	0x0033CF94	8b 14 c6                        	mov     	edx, dword ptr [esi + eax*8]
0x0073CF97	0x0033CF97	8b 4c c6 04                     	mov     	ecx, dword ptr [esi + eax*8 + 4]
0x0073CF9B	0x0033CF9B	89 95 08 ff ff ff               	mov     	dword ptr [ebp - 0xf8], edx
0x0073CFA1	0x0033CFA1	89 8d 1c ff ff ff               	mov     	dword ptr [ebp - 0xe4], ecx
0x0073CFA7	0x0033CFA7	8b 02                           	mov     	eax, dword ptr [edx]
0x0073CFA9	0x0033CFA9	8b 95 2c ff ff ff               	mov     	edx, dword ptr [ebp - 0xd4]
0x0073CFAF	0x0033CFAF	3b 82 d0 82 01 00               	cmp     	eax, dword ptr [edx + 0x182d0]
0x0073CFB5	0x0033CFB5	0f 84 47 01 00 00               	je      	0x73d102
0x0073CFBB	0x0033CFBB	eb 23                           	jmp     	0x73cfe0
0x0073CFBD	0x0033CFBD	8d 85 f0 fe ff ff               	lea     	eax, [ebp - 0x110]
0x0073CFC3	0x0033CFC3	50                              	push    	eax
0x0073CFC4	0x0033CFC4	51                              	push    	ecx
0x0073CFC5	0x0033CFC5	8b 8d 20 ff ff ff               	mov     	ecx, dword ptr [ebp - 0xe0]
0x0073CFCB	0x0033CFCB	e8 20 0e 27 00                  	call    	0x9addf0
0x0073CFD0	0x0033CFD0	8b c8                           	mov     	ecx, eax
0x0073CFD2	0x0033CFD2	89 8d 1c ff ff ff               	mov     	dword ptr [ebp - 0xe4], ecx
0x0073CFD8	0x0033CFD8	85 c9                           	test    	ecx, ecx
0x0073CFDA	0x0033CFDA	0f 84 a4 01 00 00               	je      	0x73d184
0x0073CFE0	0x0033CFE0	8b 55 0c                        	mov     	edx, dword ptr [ebp + 0xc]
0x0073CFE3	0x0033CFE3	8b c2                           	mov     	eax, edx
0x0073CFE5	0x0033CFE5	89 95 cc fe ff ff               	mov     	dword ptr [ebp - 0x134], edx
0x0073CFEB	0x0033CFEB	83 fa 01                        	cmp     	edx, 1
0x0073CFEE	0x0033CFEE	7e 15                           	jle     	0x73d005
0x0073CFF0	0x0033CFF0	f6 85 44 ff ff ff 07            	test    	byte ptr [ebp - 0xbc], 7
0x0073CFF7	0x0033CFF7	ba 01 00 00 00                  	mov     	edx, 1
0x0073CFFC	0x0033CFFC	0f 44 c2                        	cmove   	eax, edx
0x0073CFFF	0x0033CFFF	89 85 cc fe ff ff               	mov     	dword ptr [ebp - 0x134], eax
0x0073D005	0x0033D005	8b 71 18                        	mov     	esi, dword ptr [ecx + 0x18]
0x0073D008	0x0033D008	8d 8d 44 ff ff ff               	lea     	ecx, [ebp - 0xbc]
0x0073D00E	0x0033D00E	e8 dd c0 0a 00                  	call    	0x7e90f0
0x0073D013	0x0033D013	8b 8d 1c ff ff ff               	mov     	ecx, dword ptr [ebp - 0xe4]
0x0073D019	0x0033D019	83 c1 1c                        	add     	ecx, 0x1c
0x0073D01C	0x0033D01C	51                              	push    	ecx
0x0073D01D	0x0033D01D	6a 01                           	push    	1
0x0073D01F	0x0033D01F	51                              	push    	ecx
0x0073D020	0x0033D020	ff b5 c8 fe ff ff               	push    	dword ptr [ebp - 0x138]
0x0073D026	0x0033D026	89 8d 34 ff ff ff               	mov     	dword ptr [ebp - 0xcc], ecx
0x0073D02C	0x0033D02C	ff b5 cc fe ff ff               	push    	dword ptr [ebp - 0x134]
0x0073D032	0x0033D032	8b 8d 24 ff ff ff               	mov     	ecx, dword ptr [ebp - 0xdc]
0x0073D038	0x0033D038	83 ec 08                        	sub     	esp, 8
0x0073D03B	0x0033D03B	56                              	push    	esi
0x0073D03C	0x0033D03C	6a 01                           	push    	1
0x0073D03E	0x0033D03E	ff b5 14 ff ff ff               	push    	dword ptr [ebp - 0xec]
0x0073D044	0x0033D044	ff b5 d8 fe ff ff               	push    	dword ptr [ebp - 0x128]
0x0073D04A	0x0033D04A	6a 01                           	push    	1
0x0073D04C	0x0033D04C	50                              	push    	eax
0x0073D04D	0x0033D04D	e8 7e fd 0e 00                  	call    	0x82cdd0
0x0073D052	0x0033D052	8b f0                           	mov     	esi, eax
0x0073D054	0x0033D054	85 f6                           	test    	esi, esi
0x0073D056	0x0033D056	75 47                           	jne     	0x73d09f
0x0073D058	0x0033D058	8b 85 1c ff ff ff               	mov     	eax, dword ptr [ebp - 0xe4]
0x0073D05E	0x0033D05E	8d 8d 44 ff ff ff               	lea     	ecx, [ebp - 0xbc]
0x0073D064	0x0033D064	8b 70 18                        	mov     	esi, dword ptr [eax + 0x18]
0x0073D067	0x0033D067	e8 84 c0 0a 00                  	call    	0x7e90f0
0x0073D06C	0x0033D06C	51                              	push    	ecx
0x0073D06D	0x0033D06D	6a 01                           	push    	1
0x0073D06F	0x0033D06F	ff b5 34 ff ff ff               	push    	dword ptr [ebp - 0xcc]
0x0073D075	0x0033D075	8b 8d 24 ff ff ff               	mov     	ecx, dword ptr [ebp - 0xdc]
0x0073D07B	0x0033D07B	6a 0a                           	push    	0xa
0x0073D07D	0x0033D07D	6a 01                           	push    	1
0x0073D07F	0x0033D07F	83 ec 08                        	sub     	esp, 8
0x0073D082	0x0033D082	56                              	push    	esi
0x0073D083	0x0033D083	6a 01                           	push    	1
0x0073D085	0x0033D085	ff b5 14 ff ff ff               	push    	dword ptr [ebp - 0xec]
0x0073D08B	0x0033D08B	ff b5 d8 fe ff ff               	push    	dword ptr [ebp - 0x128]
0x0073D091	0x0033D091	6a 01                           	push    	1
0x0073D093	0x0033D093	50                              	push    	eax
0x0073D094	0x0033D094	e8 37 fd 0e 00                  	call    	0x82cdd0
0x0073D099	0x0033D099	8b f0                           	mov     	esi, eax
0x0073D09B	0x0033D09B	85 f6                           	test    	esi, esi
0x0073D09D	0x0033D09D	74 5d                           	je      	0x73d0fc
0x0073D09F	0x0033D09F	8b 95 28 ff ff ff               	mov     	edx, dword ptr [ebp - 0xd8]
0x0073D0A5	0x0033D0A5	8b 8d 08 ff ff ff               	mov     	ecx, dword ptr [ebp - 0xf8]
0x0073D0AB	0x0033D0AB	4a                              	dec     	edx
0x0073D0AC	0x0033D0AC	89 95 28 ff ff ff               	mov     	dword ptr [ebp - 0xd8], edx
0x0073D0B2	0x0033D0B2	85 c9                           	test    	ecx, ecx
0x0073D0B4	0x0033D0B4	74 11                           	je      	0x73d0c7
0x0073D0B6	0x0033D0B6	89 71 10                        	mov     	dword ptr [ecx + 0x10], esi
0x0073D0B9	0x0033D0B9	8b 46 38                        	mov     	eax, dword ptr [esi + 0x38]
0x0073D0BC	0x0033D0BC	8b b5 fc fe ff ff               	mov     	esi, dword ptr [ebp - 0x104]
0x0073D0C2	0x0033D0C2	89 41 18                        	mov     	dword ptr [ecx + 0x18], eax
0x0073D0C5	0x0033D0C5	eb 41                           	jmp     	0x73d108
0x0073D0C7	0x0033D0C7	6a 00                           	push    	0
0x0073D0C9	0x0033D0C9	51                              	push    	ecx
0x0073D0CA	0x0033D0CA	8d 8d 44 ff ff ff               	lea     	ecx, [ebp - 0xbc]
0x0073D0D0	0x0033D0D0	e8 1b c0 0a 00                  	call    	0x7e90f0
0x0073D0D5	0x0033D0D5	8b 8d 2c ff ff ff               	mov     	ecx, dword ptr [ebp - 0xd4]
0x0073D0DB	0x0033D0DB	50                              	push    	eax
0x0073D0DC	0x0033D0DC	56                              	push    	esi
0x0073D0DD	0x0033D0DD	ff b5 1c ff ff ff               	push    	dword ptr [ebp - 0xe4]
0x0073D0E3	0x0033D0E3	e8 c8 b9 ff ff                  	call    	0x738ab0
0x0073D0E8	0x0033D0E8	8b 95 28 ff ff ff               	mov     	edx, dword ptr [ebp - 0xd8]
0x0073D0EE	0x0033D0EE	8b b5 fc fe ff ff               	mov     	esi, dword ptr [ebp - 0x104]
0x0073D0F4	0x0033D0F4	89 95 28 ff ff ff               	mov     	dword ptr [ebp - 0xd8], edx
0x0073D0FA	0x0033D0FA	eb 0c                           	jmp     	0x73d108
0x0073D0FC	0x0033D0FC	8b b5 fc fe ff ff               	mov     	esi, dword ptr [ebp - 0x104]
0x0073D102	0x0033D102	8b 95 28 ff ff ff               	mov     	edx, dword ptr [ebp - 0xd8]
0x0073D108	0x0033D108	8b 85 30 ff ff ff               	mov     	eax, dword ptr [ebp - 0xd0]
0x0073D10E	0x0033D10E	40                              	inc     	eax
0x0073D10F	0x0033D10F	89 85 30 ff ff ff               	mov     	dword ptr [ebp - 0xd0], eax
0x0073D115	0x0033D115	3b 85 0c ff ff ff               	cmp     	eax, dword ptr [ebp - 0xf4]
0x0073D11B	0x0033D11B	0f 82 5f fe ff ff               	jb      	0x73cf80
0x0073D121	0x0033D121	85 d2                           	test    	edx, edx
0x0073D123	0x0033D123	7f 5f                           	jg      	0x73d184
0x0073D125	0x0033D125	c6 45 fc 06                     	mov     	byte ptr [ebp - 4], 6
0x0073D129	0x0033D129	8b 85 f0 fe ff ff               	mov     	eax, dword ptr [ebp - 0x110]
0x0073D12F	0x0033D12F	ff 70 04                        	push    	dword ptr [eax + 4]
0x0073D132	0x0033D132	8d 85 f0 fe ff ff               	lea     	eax, [ebp - 0x110]
0x0073D138	0x0033D138	50                              	push    	eax
0x0073D139	0x0033D139	8b c8                           	mov     	ecx, eax
0x0073D13B	0x0033D13B	e8 00 74 ce ff                  	call    	0x424540
