0x0073C450	0x0033C450	85 d2                           	test    	edx, edx
0x0073C452	0x0033C452	75 01                           	jne     	0x73c455
0x0073C454	0x0033C454	cc                              	int3    	
0x0073C455	0x0033C455	8b 4f 04                        	mov     	ecx, dword ptr [edi + 4]
0x0073C458	0x0033C458	8b c2                           	mov     	eax, edx
0x0073C45A	0x0033C45A	d3 e8                           	shr     	eax, cl
0x0073C45C	0x0033C45C	8b 4f 08                        	mov     	ecx, dword ptr [edi + 8]
0x0073C45F	0x0033C45F	33 c2                           	xor     	eax, edx
0x0073C461	0x0033C461	8b d0                           	mov     	edx, eax
0x0073C463	0x0033C463	6a ff                           	push    	-1
0x0073C465	0x0033C465	d3 e2                           	shl     	edx, cl
0x0073C467	0x0033C467	8b 4f 0c                        	mov     	ecx, dword ptr [edi + 0xc]
0x0073C46A	0x0033C46A	33 d0                           	xor     	edx, eax
0x0073C46C	0x0033C46C	6a 22                           	push    	0x22
0x0073C46E	0x0033C46E	8b c2                           	mov     	eax, edx
0x0073C470	0x0033C470	d3 e8                           	shr     	eax, cl
0x0073C472	0x0033C472	8d 8d 34 ff ff ff               	lea     	ecx, [ebp - 0xcc]
0x0073C478	0x0033C478	51                              	push    	ecx
0x0073C479	0x0033C479	8b 8d 24 ff ff ff               	mov     	ecx, dword ptr [ebp - 0xdc]
0x0073C47F	0x0033C47F	33 c2                           	xor     	eax, edx
0x0073C481	0x0033C481	6a 00                           	push    	0
0x0073C483	0x0033C483	6a 00                           	push    	0
0x0073C485	0x0033C485	6a ff                           	push    	-1
0x0073C487	0x0033C487	6a 00                           	push    	0
0x0073C489	0x0033C489	6a 0d                           	push    	0xd
0x0073C48B	0x0033C48B	6a 01                           	push    	1
0x0073C48D	0x0033C48D	ff b5 d8 fe ff ff               	push    	dword ptr [ebp - 0x128]
0x0073C493	0x0033C493	89 07                           	mov     	dword ptr [edi], eax
0x0073C495	0x0033C495	6a 01                           	push    	1
0x0073C497	0x0033C497	50                              	push    	eax
0x0073C498	0x0033C498	e8 33 03 0f 00                  	call    	0x82c7d0
0x0073C49D	0x0033C49D	8b f0                           	mov     	esi, eax
0x0073C49F	0x0033C49F	8d 4e 38                        	lea     	ecx, [esi + 0x38]
0x0073C4A2	0x0033C4A2	51                              	push    	ecx
0x0073C4A3	0x0033C4A3	ff 76 48                        	push    	dword ptr [esi + 0x48]
0x0073C4A6	0x0033C4A6	8b cb                           	mov     	ecx, ebx
0x0073C4A8	0x0033C4A8	e8 33 1c 27 00                  	call    	0x9ae0e0
0x0073C4AD	0x0033C4AD	85 c0                           	test    	eax, eax
0x0073C4AF	0x0033C4AF	0f 84 51 0a 00 00               	je      	0x73cf06
0x0073C4B5	0x0033C4B5	6a 00                           	push    	0
0x0073C4B7	0x0033C4B7	51                              	push    	ecx
0x0073C4B8	0x0033C4B8	ff 37                           	push    	dword ptr [edi]
0x0073C4BA	0x0033C4BA	8b 8d 2c ff ff ff               	mov     	ecx, dword ptr [ebp - 0xd4]
0x0073C4C0	0x0033C4C0	56                              	push    	esi
0x0073C4C1	0x0033C4C1	50                              	push    	eax
0x0073C4C2	0x0033C4C2	e8 e9 c5 ff ff                  	call    	0x738ab0
0x0073C4C7	0x0033C4C7	c7 85 28 ff ff ff 01 00 00 00   	mov     	dword ptr [ebp - 0xd8], 1
0x0073C4D1	0x0033C4D1	8b 1d 78 16 c7 00               	mov     	ebx, dword ptr [0xc71678]
0x0073C4D7	0x0033C4D7	8b b5 e4 fe ff ff               	mov     	esi, dword ptr [ebp - 0x11c]
0x0073C4DD	0x0033C4DD	8d 85 34 ff ff ff               	lea     	eax, [ebp - 0xcc]
0x0073C4E3	0x0033C4E3	50                              	push    	eax
0x0073C4E4	0x0033C4E4	8d 85 fc fe ff ff               	lea     	eax, [ebp - 0x104]
0x0073C4EA	0x0033C4EA	c7 85 34 ff ff ff 07 00 00 00   	mov     	dword ptr [ebp - 0xcc], 7
0x0073C4F4	0x0033C4F4	50                              	push    	eax
0x0073C4F5	0x0033C4F5	8b ce                           	mov     	ecx, esi
0x0073C4F7	0x0033C4F7	e8 a4 c3 ce ff                  	call    	0x4288a0
0x0073C4FC	0x0033C4FC	8b 85 04 ff ff ff               	mov     	eax, dword ptr [ebp - 0xfc]
0x0073C502	0x0033C502	80 78 0d 00                     	cmp     	byte ptr [eax + 0xd], 0
0x0073C506	0x0033C506	75 0e                           	jne     	0x73c516
0x0073C508	0x0033C508	83 78 10 07                     	cmp     	dword ptr [eax + 0x10], 7
0x0073C50C	0x0033C50C	7f 08                           	jg      	0x73c516
0x0073C50E	0x0033C50E	3b 06                           	cmp     	eax, dword ptr [esi]
0x0073C510	0x0033C510	0f 85 25 03 00 00               	jne     	0x73c83b
0x0073C516	0x0033C516	8b b5 08 ff ff ff               	mov     	esi, dword ptr [ebp - 0xf8]
0x0073C51C	0x0033C51C	8d 8b a8 ba 01 00               	lea     	ecx, [ebx + 0x1baa8]
0x0073C522	0x0033C522	6a 66                           	push    	0x66
0x0073C524	0x0033C524	c7 85 14 ff ff ff 01 00 00 00   	mov     	dword ptr [ebp - 0xec], 1
0x0073C52E	0x0033C52E	e8 7d 21 28 00                  	call    	0x9be6b0
0x0073C533	0x0033C533	85 c0                           	test    	eax, eax
0x0073C535	0x0033C535	0f 84 68 01 00 00               	je      	0x73c6a3
0x0073C53B	0x0033C53B	6a 66                           	push    	0x66
0x0073C53D	0x0033C53D	8b c8                           	mov     	ecx, eax
0x0073C53F	0x0033C53F	e8 9c f1 08 00                  	call    	0x7cb6e0
0x0073C544	0x0033C544	bb 02 00 00 00                  	mov     	ebx, 2
0x0073C549	0x0033C549	89 9d 14 ff ff ff               	mov     	dword ptr [ebp - 0xec], ebx
0x0073C54F	0x0033C54F	e9 54 01 00 00                  	jmp     	0x73c6a8
0x0073C554	0x0033C554	8b 8d 2c ff ff ff               	mov     	ecx, dword ptr [ebp - 0xd4]
0x0073C55A	0x0033C55A	e8 71 2a 01 00                  	call    	0x74efd0
0x0073C55F	0x0033C55F	84 c0                           	test    	al, al
0x0073C561	0x0033C561	0f 84 de 00 00 00               	je      	0x73c645
0x0073C567	0x0033C567	8b 0d 78 16 c7 00               	mov     	ecx, dword ptr [0xc71678]
0x0073C56D	0x0033C56D	6a 01                           	push    	1
0x0073C56F	0x0033C56F	81 c1 a8 ba 01 00               	add     	ecx, 0x1baa8
0x0073C575	0x0033C575	51                              	push    	ecx
0x0073C576	0x0033C576	68 72 02 00 00                  	push    	0x272
0x0073C57B	0x0033C57B	e8 00 1b 28 00                  	call    	0x9be080
0x0073C580	0x0033C580	85 c0                           	test    	eax, eax
0x0073C582	0x0033C582	0f 84 49 ff ff ff               	je      	0x73c4d1
0x0073C588	0x0033C588	8b 37                           	mov     	esi, dword ptr [edi]
0x0073C58A	0x0033C58A	f3 0f 7e 05 60 f6 b1 00         	movq    	xmm0, qword ptr [0xb1f660]
0x0073C592	0x0033C592	8b 1d 68 f6 b1 00               	mov     	ebx, dword ptr [0xb1f668]
0x0073C598	0x0033C598	66 0f d6 85 48 ff ff ff         	movq    	qword ptr [ebp - 0xb8], xmm0
0x0073C5A0	0x0033C5A0	c7 85 34 ff ff ff 00 00 00 00   	mov     	dword ptr [ebp - 0xcc], 0
0x0073C5AA	0x0033C5AA	85 f6                           	test    	esi, esi
0x0073C5AC	0x0033C5AC	75 10                           	jne     	0x73c5be
0x0073C5AE	0x0033C5AE	68 54 bf b6 00                  	push    	0xb6bf54
0x0073C5B3	0x0033C5B3	6a 10                           	push    	0x10
0x0073C5B5	0x0033C5B5	e8 06 4d 2d 00                  	call    	0xa112c0
0x0073C5BA	0x0033C5BA	83 c4 08                        	add     	esp, 8
0x0073C5BD	0x0033C5BD	cc                              	int3    	
0x0073C5BE	0x0033C5BE	8b 8d 48 ff ff ff               	mov     	ecx, dword ptr [ebp - 0xb8]
0x0073C5C4	0x0033C5C4	8b d6                           	mov     	edx, esi
0x0073C5C6	0x0033C5C6	d3 ea                           	shr     	edx, cl
0x0073C5C8	0x0033C5C8	8b 8d 4c ff ff ff               	mov     	ecx, dword ptr [ebp - 0xb4]
0x0073C5CE	0x0033C5CE	33 d6                           	xor     	edx, esi
0x0073C5D0	0x0033C5D0	8b c2                           	mov     	eax, edx
0x0073C5D2	0x0033C5D2	d3 e0                           	shl     	eax, cl
0x0073C5D4	0x0033C5D4	8b cb                           	mov     	ecx, ebx
0x0073C5D6	0x0033C5D6	51                              	push    	ecx
0x0073C5D7	0x0033C5D7	33 c2                           	xor     	eax, edx
0x0073C5D9	0x0033C5D9	6a 0a                           	push    	0xa
0x0073C5DB	0x0033C5DB	8b f0                           	mov     	esi, eax
0x0073C5DD	0x0033C5DD	d3 ee                           	shr     	esi, cl
0x0073C5DF	0x0033C5DF	8b 8d 24 ff ff ff               	mov     	ecx, dword ptr [ebp - 0xdc]
0x0073C5E5	0x0033C5E5	33 f0                           	xor     	esi, eax
0x0073C5E7	0x0033C5E7	8d 85 34 ff ff ff               	lea     	eax, [ebp - 0xcc]
0x0073C5ED	0x0033C5ED	50                              	push    	eax
0x0073C5EE	0x0033C5EE	6a 00                           	push    	0
0x0073C5F0	0x0033C5F0	6a 00                           	push    	0
0x0073C5F2	0x0033C5F2	83 ec 08                        	sub     	esp, 8
0x0073C5F5	0x0033C5F5	6a 0d                           	push    	0xd
0x0073C5F7	0x0033C5F7	6a 01                           	push    	1
0x0073C5F9	0x0033C5F9	6a 1d                           	push    	0x1d
0x0073C5FB	0x0033C5FB	ff b5 d8 fe ff ff               	push    	dword ptr [ebp - 0x128]
0x0073C601	0x0033C601	6a 01                           	push    	1
0x0073C603	0x0033C603	56                              	push    	esi
0x0073C604	0x0033C604	e8 c7 07 0f 00                  	call    	0x82cdd0
0x0073C609	0x0033C609	8b d8                           	mov     	ebx, eax
0x0073C60B	0x0033C60B	8d 4b 38                        	lea     	ecx, [ebx + 0x38]
0x0073C60E	0x0033C60E	51                              	push    	ecx
0x0073C60F	0x0033C60F	ff 73 48                        	push    	dword ptr [ebx + 0x48]
0x0073C612	0x0033C612	8b 8d 20 ff ff ff               	mov     	ecx, dword ptr [ebp - 0xe0]
0x0073C618	0x0033C618	e8 c3 1a 27 00                  	call    	0x9ae0e0
0x0073C61D	0x0033C61D	85 c0                           	test    	eax, eax
0x0073C61F	0x0033C61F	0f 84 e1 08 00 00               	je      	0x73cf06
0x0073C625	0x0033C625	6a 00                           	push    	0
0x0073C627	0x0033C627	51                              	push    	ecx
0x0073C628	0x0033C628	8b 8d 2c ff ff ff               	mov     	ecx, dword ptr [ebp - 0xd4]
0x0073C62E	0x0033C62E	56                              	push    	esi
0x0073C62F	0x0033C62F	53                              	push    	ebx
0x0073C630	0x0033C630	50                              	push    	eax
0x0073C631	0x0033C631	e8 7a c4 ff ff                  	call    	0x738ab0
0x0073C636	0x0033C636	c7 85 28 ff ff ff 02 00 00 00   	mov     	dword ptr [ebp - 0xd8], 2
0x0073C640	0x0033C640	e9 8c fe ff ff                  	jmp     	0x73c4d1
0x0073C645	0x0033C645	8b 8d 2c ff ff ff               	mov     	ecx, dword ptr [ebp - 0xd4]
0x0073C64B	0x0033C64B	e8 e0 29 01 00                  	call    	0x74f030
0x0073C650	0x0033C650	84 c0                           	test    	al, al
0x0073C652	0x0033C652	0f 84 79 fe ff ff               	je      	0x73c4d1
0x0073C658	0x0033C658	a1 9c 16 c7 00                  	mov     	eax, dword ptr [0xc7169c]
0x0073C65D	0x0033C65D	8b 1d 78 16 c7 00               	mov     	ebx, dword ptr [0xc71678]
0x0073C663	0x0033C663	80 b8 c7 02 00 00 00            	cmp     	byte ptr [eax + 0x2c7], 0
0x0073C66A	0x0033C66A	75 28                           	jne     	0x73c694
0x0073C66C	0x0033C66C	83 78 08 02                     	cmp     	dword ptr [eax + 8], 2
0x0073C670	0x0033C670	0f 85 61 fe ff ff               	jne     	0x73c4d7
0x0073C676	0x0033C676	85 db                           	test    	ebx, ebx
0x0073C678	0x0033C678	0f 84 59 fe ff ff               	je      	0x73c4d7
0x0073C67E	0x0033C67E	83 bb 30 66 02 00 00            	cmp     	dword ptr [ebx + 0x26630], 0
0x0073C685	0x0033C685	77 0d                           	ja      	0x73c694
0x0073C687	0x0033C687	80 bb 89 65 02 00 00            	cmp     	byte ptr [ebx + 0x26589], 0
0x0073C68E	0x0033C68E	0f 84 43 fe ff ff               	je      	0x73c4d7
0x0073C694	0x0033C694	c7 85 28 ff ff ff 01 00 00 00   	mov     	dword ptr [ebp - 0xd8], 1
0x0073C69E	0x0033C69E	e9 34 fe ff ff                  	jmp     	0x73c4d7
0x0073C6A3	0x0033C6A3	33 c0                           	xor     	eax, eax
0x0073C6A5	0x0033C6A5	8d 58 01                        	lea     	ebx, [eax + 1]
0x0073C6A8	0x0033C6A8	8b 0d 78 16 c7 00               	mov     	ecx, dword ptr [0xc71678]
0x0073C6AE	0x0033C6AE	6a 01                           	push    	1
0x0073C6B0	0x0033C6B0	81 c1 a8 ba 01 00               	add     	ecx, 0x1baa8
0x0073C6B6	0x0033C6B6	89 85 30 ff ff ff               	mov     	dword ptr [ebp - 0xd0], eax
0x0073C6BC	0x0033C6BC	51                              	push    	ecx
0x0073C6BD	0x0033C6BD	68 4d 02 00 00                  	push    	0x24d
0x0073C6C2	0x0033C6C2	e8 b9 19 28 00                  	call    	0x9be080
0x0073C6C7	0x0033C6C7	85 c0                           	test    	eax, eax
0x0073C6C9	0x0033C6C9	74 07                           	je      	0x73c6d2
0x0073C6CB	0x0033C6CB	43                              	inc     	ebx
0x0073C6CC	0x0033C6CC	89 9d 14 ff ff ff               	mov     	dword ptr [ebp - 0xec], ebx
0x0073C6D2	0x0033C6D2	33 db                           	xor     	ebx, ebx
0x0073C6D4	0x0033C6D4	39 9d 14 ff ff ff               	cmp     	dword ptr [ebp - 0xec], ebx
0x0073C6DA	0x0033C6DA	0f 8e 5b 01 00 00               	jle     	0x73c83b
0x0073C6E0	0x0033C6E0	8b bd 30 ff ff ff               	mov     	edi, dword ptr [ebp - 0xd0]
0x0073C6E6	0x0033C6E6	51                              	push    	ecx
0x0073C6E7	0x0033C6E7	6a ff                           	push    	-1
0x0073C6E9	0x0033C6E9	8b 8d 24 ff ff ff               	mov     	ecx, dword ptr [ebp - 0xdc]
0x0073C6EF	0x0033C6EF	8d 85 34 ff ff ff               	lea     	eax, [ebp - 0xcc]
0x0073C6F5	0x0033C6F5	50                              	push    	eax
0x0073C6F6	0x0033C6F6	6a 0a                           	push    	0xa
0x0073C6F8	0x0033C6F8	6a 01                           	push    	1
0x0073C6FA	0x0033C6FA	83 ec 08                        	sub     	esp, 8
0x0073C6FD	0x0033C6FD	c7 85 34 ff ff ff 00 00 00 00   	mov     	dword ptr [ebp - 0xcc], 0
0x0073C707	0x0033C707	6a 0d                           	push    	0xd
0x0073C709	0x0033C709	6a 07                           	push    	7
0x0073C70B	0x0033C70B	6a 00                           	push    	0
0x0073C70D	0x0033C70D	ff b5 d8 fe ff ff               	push    	dword ptr [ebp - 0x128]
0x0073C713	0x0033C713	6a 01                           	push    	1
0x0073C715	0x0033C715	56                              	push    	esi
0x0073C716	0x0033C716	e8 b5 06 0f 00                  	call    	0x82cdd0
0x0073C71B	0x0033C71B	8b 8d 2c ff ff ff               	mov     	ecx, dword ptr [ebp - 0xd4]
0x0073C721	0x0033C721	89 85 0c ff ff ff               	mov     	dword ptr [ebp - 0xf4], eax
0x0073C727	0x0033C727	8d 85 f0 fe ff ff               	lea     	eax, [ebp - 0x110]
0x0073C72D	0x0033C72D	50                              	push    	eax
0x0073C72E	0x0033C72E	e8 3d c6 ff ff                  	call    	0x738d70
0x0073C733	0x0033C733	8b 8d 20 ff ff ff               	mov     	ecx, dword ptr [ebp - 0xe0]
0x0073C739	0x0033C739	50                              	push    	eax
0x0073C73A	0x0033C73A	c7 45 fc 03 00 00 00            	mov     	dword ptr [ebp - 4], 3
0x0073C741	0x0033C741	e8 2a 1a 27 00                  	call    	0x9ae170
0x0073C746	0x0033C746	c7 45 fc ff ff ff ff            	mov     	dword ptr [ebp - 4], 0xffffffff
0x0073C74D	0x0033C74D	8b 8d f0 fe ff ff               	mov     	ecx, dword ptr [ebp - 0x110]
0x0073C753	0x0033C753	89 85 34 ff ff ff               	mov     	dword ptr [ebp - 0xcc], eax
0x0073C759	0x0033C759	8d 85 f0 fe ff ff               	lea     	eax, [ebp - 0x110]
0x0073C75F	0x0033C75F	ff 71 04                        	push    	dword ptr [ecx + 4]
0x0073C762	0x0033C762	8b c8                           	mov     	ecx, eax
0x0073C764	0x0033C764	50                              	push    	eax
0x0073C765	0x0033C765	e8 d6 7d ce ff                  	call    	0x424540
0x0073C76A	0x0033C76A	6a 14                           	push    	0x14
0x0073C76C	0x0033C76C	ff b5 f0 fe ff ff               	push    	dword ptr [ebp - 0x110]
0x0073C772	0x0033C772	e8 e5 29 3b 00                  	call    	0xaef15c
0x0073C777	0x0033C777	8b 85 34 ff ff ff               	mov     	eax, dword ptr [ebp - 0xcc]
0x0073C77D	0x0033C77D	83 c4 08                        	add     	esp, 8
