0x00739370	0x00339370	55                              	push    	ebp
0x00739371	0x00339371	8b ec                           	mov     	ebp, esp
0x00739373	0x00339373	6a ff                           	push    	-1
0x00739375	0x00339375	68 e0 d9 af 00                  	push    	0xafd9e0
0x0073937A	0x0033937A	64 a1 00 00 00 00               	mov     	eax, dword ptr fs:[0]
0x00739380	0x00339380	50                              	push    	eax
0x00739381	0x00339381	81 ec 40 01 00 00               	sub     	esp, 0x140
0x00739387	0x00339387	a1 b4 93 bf 00                  	mov     	eax, dword ptr [0xbf93b4]
0x0073938C	0x0033938C	33 c5                           	xor     	eax, ebp
0x0073938E	0x0033938E	89 45 ec                        	mov     	dword ptr [ebp - 0x14], eax
0x00739391	0x00339391	53                              	push    	ebx
0x00739392	0x00339392	56                              	push    	esi
0x00739393	0x00339393	57                              	push    	edi
0x00739394	0x00339394	50                              	push    	eax
0x00739395	0x00339395	8d 45 f4                        	lea     	eax, [ebp - 0xc]
0x00739398	0x00339398	64 a3 00 00 00 00               	mov     	dword ptr fs:[0], eax
0x0073939E	0x0033939E	8b c1                           	mov     	eax, ecx
0x007393A0	0x003393A0	89 85 2c ff ff ff               	mov     	dword ptr [ebp - 0xd4], eax
0x007393A6	0x003393A6	8b 4d 08                        	mov     	ecx, dword ptr [ebp + 8]
0x007393A9	0x003393A9	c7 85 cc fe ff ff 00 00 00 00   	mov     	dword ptr [ebp - 0x134], 0
0x007393B3	0x003393B3	8b 1d 78 16 c7 00               	mov     	ebx, dword ptr [0xc71678]
0x007393B9	0x003393B9	8b 78 04                        	mov     	edi, dword ptr [eax + 4]
0x007393BC	0x003393BC	8b d7                           	mov     	edx, edi
0x007393BE	0x003393BE	8b 30                           	mov     	esi, dword ptr [eax]
0x007393C0	0x003393C0	89 8d 20 ff ff ff               	mov     	dword ptr [ebp - 0xe0], ecx
0x007393C6	0x003393C6	8b 4d 10                        	mov     	ecx, dword ptr [ebp + 0x10]
0x007393C9	0x003393C9	89 8d c8 fe ff ff               	mov     	dword ptr [ebp - 0x138], ecx
0x007393CF	0x003393CF	8d 8b 10 89 01 00               	lea     	ecx, [ebx + 0x18910]
0x007393D5	0x003393D5	89 8d 24 ff ff ff               	mov     	dword ptr [ebp - 0xdc], ecx
0x007393DB	0x003393DB	8b ce                           	mov     	ecx, esi
0x007393DD	0x003393DD	6a ff                           	push    	-1
0x007393DF	0x003393DF	e8 4c 3c 0f 00                  	call    	0x82d030
0x007393E4	0x003393E4	83 c4 04                        	add     	esp, 4
0x007393E7	0x003393E7	89 85 d8 fe ff ff               	mov     	dword ptr [ebp - 0x128], eax
0x007393ED	0x003393ED	b2 01                           	mov     	dl, 1
0x007393EF	0x003393EF	c7 85 d4 fe ff ff ff ff ff ff   	mov     	dword ptr [ebp - 0x12c], 0xffffffff
0x007393F9	0x003393F9	8b cb                           	mov     	ecx, ebx
0x007393FB	0x003393FB	89 95 d0 fe ff ff               	mov     	dword ptr [ebp - 0x130], edx
0x00739401	0x00339401	c7 85 b8 fe ff ff ff ff ff ff   	mov     	dword ptr [ebp - 0x148], 0xffffffff
0x0073940B	0x0033940B	e8 30 d5 fc ff                  	call    	0x706940
0x00739410	0x00339410	80 78 74 00                     	cmp     	byte ptr [eax + 0x74], 0
0x00739414	0x00339414	8d 48 18                        	lea     	ecx, [eax + 0x18]
0x00739417	0x00339417	89 8d e4 fe ff ff               	mov     	dword ptr [ebp - 0x11c], ecx
0x0073941D	0x0033941D	74 4d                           	je      	0x73946c
0x0073941F	0x0033941F	83 fe 0b                        	cmp     	esi, 0xb
0x00739422	0x00339422	75 48                           	jne     	0x73946c
0x00739424	0x00339424	64 a1 2c 00 00 00               	mov     	eax, dword ptr fs:[0x2c]
0x0073942A	0x0033942A	8b 08                           	mov     	ecx, dword ptr [eax]
