0x00739A00	0x00339A00	ff 85 c0 74 13 51               	inc     	dword ptr [ebp + 0x511374c0]
0x00739A06	0x00339A06	8b 8d 20 ff ff ff               	mov     	ecx, dword ptr [ebp - 0xe0]
0x00739A0C	0x00339A0C	50                              	push    	eax
0x00739A0D	0x00339A0D	e8 4e 7e 27 00                  	call    	0x9b1860
0x00739A12	0x00339A12	8b 1d 78 16 c7 00               	mov     	ebx, dword ptr [0xc71678]
0x00739A18	0x00339A18	8b bd 2c ff ff ff               	mov     	edi, dword ptr [ebp - 0xd4]
0x00739A1E	0x00339A1E	8b b5 e4 fe ff ff               	mov     	esi, dword ptr [ebp - 0x11c]
0x00739A24	0x00339A24	8d 85 08 ff ff ff               	lea     	eax, [ebp - 0xf8]
0x00739A2A	0x00339A2A	50                              	push    	eax
0x00739A2B	0x00339A2B	8d 85 fc fe ff ff               	lea     	eax, [ebp - 0x104]
0x00739A31	0x00339A31	c7 85 08 ff ff ff 08 00 00 00   	mov     	dword ptr [ebp - 0xf8], 8
0x00739A3B	0x00339A3B	50                              	push    	eax
0x00739A3C	0x00339A3C	8b ce                           	mov     	ecx, esi
0x00739A3E	0x00339A3E	e8 5d ee ce ff                  	call    	0x4288a0
0x00739A43	0x00339A43	8b 85 04 ff ff ff               	mov     	eax, dword ptr [ebp - 0xfc]
0x00739A49	0x00339A49	80 78 0d 00                     	cmp     	byte ptr [eax + 0xd], 0
0x00739A4D	0x00339A4D	75 0e                           	jne     	0x739a5d
0x00739A4F	0x00339A4F	83 78 10 08                     	cmp     	dword ptr [eax + 0x10], 8
0x00739A53	0x00339A53	7f 08                           	jg      	0x739a5d
0x00739A55	0x00339A55	3b 06                           	cmp     	eax, dword ptr [esi]
0x00739A57	0x00339A57	0f 85 52 01 00 00               	jne     	0x739baf
0x00739A5D	0x00339A5D	8b 97 d4 82 01 00               	mov     	edx, dword ptr [edi + 0x182d4]
0x00739A63	0x00339A63	85 d2                           	test    	edx, edx
0x00739A65	0x00339A65	75 20                           	jne     	0x739a87
0x00739A67	0x00339A67	68 54 bf b6 00                  	push    	0xb6bf54
0x00739A6C	0x00339A6C	6a 10                           	push    	0x10
0x00739A6E	0x00339A6E	e8 4d 78 2d 00                  	call    	0xa112c0
0x00739A73	0x00339A73	8b 97 d4 82 01 00               	mov     	edx, dword ptr [edi + 0x182d4]
0x00739A79	0x00339A79	83 c4 08                        	add     	esp, 8
0x00739A7C	0x00339A7C	8b 1d 78 16 c7 00               	mov     	ebx, dword ptr [0xc71678]
0x00739A82	0x00339A82	85 d2                           	test    	edx, edx
0x00739A84	0x00339A84	75 01                           	jne     	0x739a87
0x00739A86	0x00339A86	cc                              	int3    	
0x00739A87	0x00339A87	8b 8f d8 82 01 00               	mov     	ecx, dword ptr [edi + 0x182d8]
0x00739A8D	0x00339A8D	8b c2                           	mov     	eax, edx
0x00739A8F	0x00339A8F	f3 0f 7e 05 34 f5 b1 00         	movq    	xmm0, qword ptr [0xb1f534]
0x00739A97	0x00339A97	d3 e8                           	shr     	eax, cl
0x00739A99	0x00339A99	8b 8f dc 82 01 00               	mov     	ecx, dword ptr [edi + 0x182dc]
0x00739A9F	0x00339A9F	33 c2                           	xor     	eax, edx
0x00739AA1	0x00339AA1	8b d0                           	mov     	edx, eax
0x00739AA3	0x00339AA3	66 0f d6 85 48 ff ff ff         	movq    	qword ptr [ebp - 0xb8], xmm0
0x00739AAB	0x00339AAB	d3 e2                           	shl     	edx, cl
0x00739AAD	0x00339AAD	8b 8f e0 82 01 00               	mov     	ecx, dword ptr [edi + 0x182e0]
0x00739AB3	0x00339AB3	33 d0                           	xor     	edx, eax
0x00739AB5	0x00339AB5	a1 3c f5 b1 00                  	mov     	eax, dword ptr [0xb1f53c]
0x00739ABA	0x00339ABA	8b f2                           	mov     	esi, edx
0x00739ABC	0x00339ABC	d3 ee                           	shr     	esi, cl
0x00739ABE	0x00339ABE	8d 8b a8 ba 01 00               	lea     	ecx, [ebx + 0x1baa8]
0x00739AC4	0x00339AC4	33 f2                           	xor     	esi, edx
0x00739AC6	0x00339AC6	89 85 08 ff ff ff               	mov     	dword ptr [ebp - 0xf8], eax
0x00739ACC	0x00339ACC	89 b7 d4 82 01 00               	mov     	dword ptr [edi + 0x182d4], esi
0x00739AD2	0x00339AD2	bf 01 00 00 00                  	mov     	edi, 1
0x00739AD7	0x00339AD7	57                              	push    	edi
0x00739AD8	0x00339AD8	51                              	push    	ecx
0x00739AD9	0x00339AD9	68 4d 02 00 00                  	push    	0x24d
0x00739ADE	0x00339ADE	e8 9d 45 28 00                  	call    	0x9be080
0x00739AE3	0x00339AE3	85 c0                           	test    	eax, eax
0x00739AE5	0x00339AE5	b8 02 00 00 00                  	mov     	eax, 2
0x00739AEA	0x00339AEA	0f 45 f8                        	cmovne  	edi, eax
0x00739AED	0x00339AED	89 bd 14 ff ff ff               	mov     	dword ptr [ebp - 0xec], edi
0x00739AF3	0x00339AF3	33 ff                           	xor     	edi, edi
0x00739AF5	0x00339AF5	66 66 66 0f 1f 84 00 00 00 00 00	nop     	word ptr [eax + eax]
0x00739B00	0x00339B00	c7 85 30 ff ff ff 00 00 00 00   	mov     	dword ptr [ebp - 0xd0], 0
0x00739B0A	0x00339B0A	85 f6                           	test    	esi, esi
0x00739B0C	0x00339B0C	75 10                           	jne     	0x739b1e
0x00739B0E	0x00339B0E	68 54 bf b6 00                  	push    	0xb6bf54
0x00739B13	0x00339B13	6a 10                           	push    	0x10
0x00739B15	0x00339B15	e8 a6 77 2d 00                  	call    	0xa112c0
0x00739B1A	0x00339B1A	83 c4 08                        	add     	esp, 8
0x00739B1D	0x00339B1D	cc                              	int3    	
0x00739B1E	0x00339B1E	8b 8d 48 ff ff ff               	mov     	ecx, dword ptr [ebp - 0xb8]
0x00739B24	0x00339B24	8b d6                           	mov     	edx, esi
0x00739B26	0x00339B26	d3 ea                           	shr     	edx, cl
0x00739B28	0x00339B28	8b 8d 4c ff ff ff               	mov     	ecx, dword ptr [ebp - 0xb4]
0x00739B2E	0x00339B2E	33 d6                           	xor     	edx, esi
0x00739B30	0x00339B30	6a ff                           	push    	-1
0x00739B32	0x00339B32	8b c2                           	mov     	eax, edx
0x00739B34	0x00339B34	d3 e0                           	shl     	eax, cl
0x00739B36	0x00339B36	8b 8d 08 ff ff ff               	mov     	ecx, dword ptr [ebp - 0xf8]
0x00739B3C	0x00339B3C	33 c2                           	xor     	eax, edx
0x00739B3E	0x00339B3E	6a ff                           	push    	-1
0x00739B40	0x00339B40	8b f0                           	mov     	esi, eax
0x00739B42	0x00339B42	d3 ee                           	shr     	esi, cl
0x00739B44	0x00339B44	8b 8d 24 ff ff ff               	mov     	ecx, dword ptr [ebp - 0xdc]
0x00739B4A	0x00339B4A	33 f0                           	xor     	esi, eax
0x00739B4C	0x00339B4C	8d 85 30 ff ff ff               	lea     	eax, [ebp - 0xd0]
0x00739B52	0x00339B52	50                              	push    	eax
0x00739B53	0x00339B53	6a 0a                           	push    	0xa
0x00739B55	0x00339B55	6a 01                           	push    	1
0x00739B57	0x00339B57	6a ff                           	push    	-1
0x00739B59	0x00339B59	6a 00                           	push    	0
0x00739B5B	0x00339B5B	6a 0d                           	push    	0xd
0x00739B5D	0x00339B5D	6a 08                           	push    	8
0x00739B5F	0x00339B5F	6a 00                           	push    	0
0x00739B61	0x00339B61	6a 01                           	push    	1
0x00739B63	0x00339B63	56                              	push    	esi
0x00739B64	0x00339B64	e8 67 2c 0f 00                  	call    	0x82c7d0
0x00739B69	0x00339B69	8b d8                           	mov     	ebx, eax
0x00739B6B	0x00339B6B	8d 4b 38                        	lea     	ecx, [ebx + 0x38]
0x00739B6E	0x00339B6E	51                              	push    	ecx
0x00739B6F	0x00339B6F	ff 73 48                        	push    	dword ptr [ebx + 0x48]
0x00739B72	0x00339B72	8b 8d 20 ff ff ff               	mov     	ecx, dword ptr [ebp - 0xe0]
0x00739B78	0x00339B78	e8 63 45 27 00                  	call    	0x9ae0e0
0x00739B7D	0x00339B7D	85 c0                           	test    	eax, eax
0x00739B7F	0x00339B7F	74 20                           	je      	0x739ba1
0x00739B81	0x00339B81	6a 00                           	push    	0
0x00739B83	0x00339B83	51                              	push    	ecx
0x00739B84	0x00339B84	8b 8d 2c ff ff ff               	mov     	ecx, dword ptr [ebp - 0xd4]
0x00739B8A	0x00339B8A	56                              	push    	esi
0x00739B8B	0x00339B8B	53                              	push    	ebx
0x00739B8C	0x00339B8C	50                              	push    	eax
0x00739B8D	0x00339B8D	e8 1e ef ff ff                  	call    	0x738ab0
0x00739B92	0x00339B92	47                              	inc     	edi
0x00739B93	0x00339B93	3b bd 14 ff ff ff               	cmp     	edi, dword ptr [ebp - 0xec]
0x00739B99	0x00339B99	0f 8c 61 ff ff ff               	jl      	0x739b00
0x00739B9F	0x00339B9F	eb 08                           	jmp     	0x739ba9
0x00739BA1	0x00339BA1	85 ff                           	test    	edi, edi
0x00739BA3	0x00339BA3	0f 84 5d 33 00 00               	je      	0x73cf06
0x00739BA9	0x00339BA9	8b 1d 78 16 c7 00               	mov     	ebx, dword ptr [0xc71678]
0x00739BAF	0x00339BAF	8b b5 2c ff ff ff               	mov     	esi, dword ptr [ebp - 0xd4]
0x00739BB5	0x00339BB5	8b 96 d4 82 01 00               	mov     	edx, dword ptr [esi + 0x182d4]
