0x0073C880	0x0033C880	00 00                           	add     	byte ptr [eax], al
0x0073C882	0x0033C882	77 1e                           	ja      	0x73c8a2
0x0073C884	0x0033C884	80 b8 89 65 02 00 00            	cmp     	byte ptr [eax + 0x26589], 0
0x0073C88B	0x0033C88B	75 15                           	jne     	0x73c8a2
0x0073C88D	0x0033C88D	8b 8d 24 ff ff ff               	mov     	ecx, dword ptr [ebp - 0xdc]
0x0073C893	0x0033C893	6a ff                           	push    	-1
0x0073C895	0x0033C895	6a 03                           	push    	3
0x0073C897	0x0033C897	6a 01                           	push    	1
0x0073C899	0x0033C899	6a 00                           	push    	0
0x0073C89B	0x0033C89B	e8 80 fe 0e 00                  	call    	0x82c720
0x0073C8A0	0x0033C8A0	eb 31                           	jmp     	0x73c8d3
0x0073C8A2	0x0033C8A2	6a ff                           	push    	-1
0x0073C8A4	0x0033C8A4	8b 8d 24 ff ff ff               	mov     	ecx, dword ptr [ebp - 0xdc]
0x0073C8AA	0x0033C8AA	8d 85 34 ff ff ff               	lea     	eax, [ebp - 0xcc]
0x0073C8B0	0x0033C8B0	6a ff                           	push    	-1
0x0073C8B2	0x0033C8B2	50                              	push    	eax
0x0073C8B3	0x0033C8B3	6a 0a                           	push    	0xa
0x0073C8B5	0x0033C8B5	6a 01                           	push    	1
0x0073C8B7	0x0033C8B7	6a 09                           	push    	9
0x0073C8B9	0x0033C8B9	6a 03                           	push    	3
0x0073C8BB	0x0033C8BB	6a 0d                           	push    	0xd
0x0073C8BD	0x0033C8BD	6a 01                           	push    	1
0x0073C8BF	0x0033C8BF	6a 00                           	push    	0
0x0073C8C1	0x0033C8C1	6a 01                           	push    	1
0x0073C8C3	0x0033C8C3	53                              	push    	ebx
0x0073C8C4	0x0033C8C4	c7 85 34 ff ff ff 00 00 00 00   	mov     	dword ptr [ebp - 0xcc], 0
0x0073C8CE	0x0033C8CE	e8 fd fe 0e 00                  	call    	0x82c7d0
0x0073C8D3	0x0033C8D3	8b 8d 20 ff ff ff               	mov     	ecx, dword ptr [ebp - 0xe0]
0x0073C8D9	0x0033C8D9	8b f0                           	mov     	esi, eax
0x0073C8DB	0x0033C8DB	8d 46 38                        	lea     	eax, [esi + 0x38]
0x0073C8DE	0x0033C8DE	50                              	push    	eax
0x0073C8DF	0x0033C8DF	ff 76 48                        	push    	dword ptr [esi + 0x48]
0x0073C8E2	0x0033C8E2	e8 f9 17 27 00                  	call    	0x9ae0e0
0x0073C8E7	0x0033C8E7	85 c0                           	test    	eax, eax
0x0073C8E9	0x0033C8E9	0f 84 17 06 00 00               	je      	0x73cf06
0x0073C8EF	0x0033C8EF	6a 00                           	push    	0
0x0073C8F1	0x0033C8F1	51                              	push    	ecx
0x0073C8F2	0x0033C8F2	53                              	push    	ebx
0x0073C8F3	0x0033C8F3	8b 9d 2c ff ff ff               	mov     	ebx, dword ptr [ebp - 0xd4]
0x0073C8F9	0x0033C8F9	8b cb                           	mov     	ecx, ebx
0x0073C8FB	0x0033C8FB	56                              	push    	esi
0x0073C8FC	0x0033C8FC	50                              	push    	eax
0x0073C8FD	0x0033C8FD	e8 ae c1 ff ff                  	call    	0x738ab0
0x0073C902	0x0033C902	8b b5 e4 fe ff ff               	mov     	esi, dword ptr [ebp - 0x11c]
0x0073C908	0x0033C908	8d 85 34 ff ff ff               	lea     	eax, [ebp - 0xcc]
0x0073C90E	0x0033C90E	50                              	push    	eax
0x0073C90F	0x0033C90F	8d 85 fc fe ff ff               	lea     	eax, [ebp - 0x104]
0x0073C915	0x0033C915	c7 85 34 ff ff ff 1d 00 00 00   	mov     	dword ptr [ebp - 0xcc], 0x1d
0x0073C91F	0x0033C91F	50                              	push    	eax
0x0073C920	0x0033C920	8b ce                           	mov     	ecx, esi
0x0073C922	0x0033C922	e8 79 bf ce ff                  	call    	0x4288a0
0x0073C927	0x0033C927	8b 85 04 ff ff ff               	mov     	eax, dword ptr [ebp - 0xfc]
0x0073C92D	0x0033C92D	80 78 0d 00                     	cmp     	byte ptr [eax + 0xd], 0
0x0073C931	0x0033C931	75 0e                           	jne     	0x73c941
0x0073C933	0x0033C933	83 78 10 1d                     	cmp     	dword ptr [eax + 0x10], 0x1d
0x0073C937	0x0033C937	7f 08                           	jg      	0x73c941
0x0073C939	0x0033C939	3b 06                           	cmp     	eax, dword ptr [esi]
0x0073C93B	0x0033C93B	0f 85 1c 02 00 00               	jne     	0x73cb5d
0x0073C941	0x0033C941	f3 0f 7e 05 1c f8 b1 00         	movq    	xmm0, qword ptr [0xb1f81c]
0x0073C949	0x0033C949	8b 85 08 ff ff ff               	mov     	eax, dword ptr [ebp - 0xf8]
0x0073C94F	0x0033C94F	8b 35 24 f8 b1 00               	mov     	esi, dword ptr [0xb1f824]
0x0073C955	0x0033C955	66 0f d6 85 48 ff ff ff         	movq    	qword ptr [ebp - 0xb8], xmm0
0x0073C95D	0x0033C95D	85 c0                           	test    	eax, eax
0x0073C95F	0x0033C95F	75 16                           	jne     	0x73c977
0x0073C961	0x0033C961	68 54 bf b6 00                  	push    	0xb6bf54
0x0073C966	0x0033C966	6a 10                           	push    	0x10
0x0073C968	0x0033C968	e8 53 49 2d 00                  	call    	0xa112c0
0x0073C96D	0x0033C96D	83 c4 08                        	add     	esp, 8
0x0073C970	0x0033C970	cc                              	int3    	
0x0073C971	0x0033C971	8b 85 08 ff ff ff               	mov     	eax, dword ptr [ebp - 0xf8]
0x0073C977	0x0033C977	8b 8d 48 ff ff ff               	mov     	ecx, dword ptr [ebp - 0xb8]
0x0073C97D	0x0033C97D	8b d0                           	mov     	edx, eax
0x0073C97F	0x0033C97F	d3 ea                           	shr     	edx, cl
0x0073C981	0x0033C981	8b 8d 4c ff ff ff               	mov     	ecx, dword ptr [ebp - 0xb4]
0x0073C987	0x0033C987	33 d0                           	xor     	edx, eax
0x0073C989	0x0033C989	8b c2                           	mov     	eax, edx
0x0073C98B	0x0033C98B	c7 85 34 ff ff ff 00 00 00 00   	mov     	dword ptr [ebp - 0xcc], 0
0x0073C995	0x0033C995	d3 e0                           	shl     	eax, cl
0x0073C997	0x0033C997	8b ce                           	mov     	ecx, esi
0x0073C999	0x0033C999	51                              	push    	ecx
0x0073C99A	0x0033C99A	33 c2                           	xor     	eax, edx
0x0073C99C	0x0033C99C	6a ff                           	push    	-1
0x0073C99E	0x0033C99E	8b d0                           	mov     	edx, eax
0x0073C9A0	0x0033C9A0	d3 ea                           	shr     	edx, cl
0x0073C9A2	0x0033C9A2	8b 8d 24 ff ff ff               	mov     	ecx, dword ptr [ebp - 0xdc]
0x0073C9A8	0x0033C9A8	33 d0                           	xor     	edx, eax
0x0073C9AA	0x0033C9AA	8d 85 34 ff ff ff               	lea     	eax, [ebp - 0xcc]
0x0073C9B0	0x0033C9B0	89 95 30 ff ff ff               	mov     	dword ptr [ebp - 0xd0], edx
0x0073C9B6	0x0033C9B6	50                              	push    	eax
0x0073C9B7	0x0033C9B7	6a 0a                           	push    	0xa
0x0073C9B9	0x0033C9B9	6a 01                           	push    	1
0x0073C9BB	0x0033C9BB	83 ec 08                        	sub     	esp, 8
0x0073C9BE	0x0033C9BE	6a 0d                           	push    	0xd
0x0073C9C0	0x0033C9C0	6a 1d                           	push    	0x1d
0x0073C9C2	0x0033C9C2	6a 00                           	push    	0
0x0073C9C4	0x0033C9C4	ff b5 d8 fe ff ff               	push    	dword ptr [ebp - 0x128]
0x0073C9CA	0x0033C9CA	6a 01                           	push    	1
0x0073C9CC	0x0033C9CC	52                              	push    	edx
0x0073C9CD	0x0033C9CD	e8 fe 03 0f 00                  	call    	0x82cdd0
0x0073C9D2	0x0033C9D2	8b f0                           	mov     	esi, eax
0x0073C9D4	0x0033C9D4	89 b5 0c ff ff ff               	mov     	dword ptr [ebp - 0xf4], esi
0x0073C9DA	0x0033C9DA	85 f6                           	test    	esi, esi
0x0073C9DC	0x0033C9DC	0f 84 7b 01 00 00               	je      	0x73cb5d
0x0073C9E2	0x0033C9E2	8d 8d f0 fe ff ff               	lea     	ecx, [ebp - 0x110]
0x0073C9E8	0x0033C9E8	c7 45 fc 04 00 00 00            	mov     	dword ptr [ebp - 4], 4
0x0073C9EF	0x0033C9EF	e8 2c f4 e8 ff                  	call    	0x5cbe20
0x0073C9F4	0x0033C9F4	83 8d cc fe ff ff 01            	or      	dword ptr [ebp - 0x134], 1
0x0073C9FB	0x0033C9FB	33 c9                           	xor     	ecx, ecx
0x0073C9FD	0x0033C9FD	89 8d 08 ff ff ff               	mov     	dword ptr [ebp - 0xf8], ecx
0x0073CA03	0x0033CA03	39 8b cc 82 01 00               	cmp     	dword ptr [ebx + 0x182cc], ecx
0x0073CA09	0x0033CA09	0f 8e e9 00 00 00               	jle     	0x73caf8
0x0073CA0F	0x0033CA0F	8d 7b 24                        	lea     	edi, [ebx + 0x24]
0x0073CA12	0x0033CA12	83 3f 00                        	cmp     	dword ptr [edi], 0
0x0073CA15	0x0033CA15	0f 84 b8 00 00 00               	je      	0x73cad3
0x0073CA1B	0x0033CA1B	8b 47 f0                        	mov     	eax, dword ptr [edi - 0x10]
0x0073CA1E	0x0033CA1E	85 c0                           	test    	eax, eax
0x0073CA20	0x0033CA20	0f 88 ad 00 00 00               	js      	0x73cad3
0x0073CA26	0x0033CA26	99                              	cdq     	
0x0073CA27	0x0033CA27	b9 0d 00 00 00                  	mov     	ecx, 0xd
0x0073CA2C	0x0033CA2C	f7 f9                           	idiv    	ecx
0x0073CA2E	0x0033CA2E	33 f6                           	xor     	esi, esi
0x0073CA30	0x0033CA30	bb 01 00 00 00                  	mov     	ebx, 1
0x0073CA35	0x0033CA35	89 95 10 ff ff ff               	mov     	dword ptr [ebp - 0xf0], edx
0x0073CA3B	0x0033CA3B	89 85 14 ff ff ff               	mov     	dword ptr [ebp - 0xec], eax
0x0073CA41	0x0033CA41	8b 0f                           	mov     	ecx, dword ptr [edi]
0x0073CA43	0x0033CA43	8b c6                           	mov     	eax, esi
0x0073CA45	0x0033CA45	c1 e8 05                        	shr     	eax, 5
0x0073CA48	0x0033CA48	85 5c 81 38                     	test    	dword ptr [ecx + eax*4 + 0x38], ebx
0x0073CA4C	0x0033CA4C	74 17                           	je      	0x73ca65
0x0073CA4E	0x0033CA4E	8b 41 08                        	mov     	eax, dword ptr [ecx + 8]
0x0073CA51	0x0033CA51	83 f8 05                        	cmp     	eax, 5
0x0073CA54	0x0033CA54	74 0f                           	je      	0x73ca65
0x0073CA56	0x0033CA56	83 f8 08                        	cmp     	eax, 8
0x0073CA59	0x0033CA59	74 0a                           	je      	0x73ca65
0x0073CA5B	0x0033CA5B	83 f8 07                        	cmp     	eax, 7
0x0073CA5E	0x0033CA5E	74 05                           	je      	0x73ca65
0x0073CA60	0x0033CA60	83 f8 0a                        	cmp     	eax, 0xa
0x0073CA63	0x0033CA63	75 56                           	jne     	0x73cabb
0x0073CA65	0x0033CA65	6a 01                           	push    	1
0x0073CA67	0x0033CA67	56                              	push    	esi
0x0073CA68	0x0033CA68	ff 71 48                        	push    	dword ptr [ecx + 0x48]
0x0073CA6B	0x0033CA6B	8d 95 10 ff ff ff               	lea     	edx, [ebp - 0xf0]
0x0073CA71	0x0033CA71	8d 8d 18 ff ff ff               	lea     	ecx, [ebp - 0xe8]
0x0073CA77	0x0033CA77	e8 a4 2b 27 00                  	call    	0x9af620
0x0073CA7C	0x0033CA7C	8b 8d 18 ff ff ff               	mov     	ecx, dword ptr [ebp - 0xe8]
0x0073CA82	0x0033CA82	83 c4 0c                        	add     	esp, 0xc
0x0073CA85	0x0033CA85	83 f9 0c                        	cmp     	ecx, 0xc
0x0073CA88	0x0033CA88	77 31                           	ja      	0x73cabb
0x0073CA8A	0x0033CA8A	8b 85 1c ff ff ff               	mov     	eax, dword ptr [ebp - 0xe4]
0x0073CA90	0x0033CA90	83 f8 0c                        	cmp     	eax, 0xc
0x0073CA93	0x0033CA93	77 26                           	ja      	0x73cabb
0x0073CA95	0x0033CA95	6b c0 0d                        	imul    	eax, eax, 0xd
0x0073CA98	0x0033CA98	03 c1                           	add     	eax, ecx
0x0073CA9A	0x0033CA9A	89 85 34 ff ff ff               	mov     	dword ptr [ebp - 0xcc], eax
0x0073CAA0	0x0033CAA0	78 19                           	js      	0x73cabb
0x0073CAA2	0x0033CAA2	8d 85 34 ff ff ff               	lea     	eax, [ebp - 0xcc]
0x0073CAA8	0x0033CAA8	50                              	push    	eax
0x0073CAA9	0x0033CAA9	8d 85 e0 fe ff ff               	lea     	eax, [ebp - 0x120]
0x0073CAAF	0x0033CAAF	50                              	push    	eax
0x0073CAB0	0x0033CAB0	8d 8d f0 fe ff ff               	lea     	ecx, [ebp - 0x110]
0x0073CAB6	0x0033CAB6	e8 05 7b da ff                  	call    	0x4e45c0
0x0073CABB	0x0033CABB	46                              	inc     	esi
0x0073CABC	0x0033CABC	d1 c3                           	rol     	ebx, 1
0x0073CABE	0x0033CABE	83 fe 08                        	cmp     	esi, 8
0x0073CAC1	0x0033CAC1	0f 8c 7a ff ff ff               	jl      	0x73ca41
0x0073CAC7	0x0033CAC7	8b 8d 08 ff ff ff               	mov     	ecx, dword ptr [ebp - 0xf8]
0x0073CACD	0x0033CACD	8b 9d 2c ff ff ff               	mov     	ebx, dword ptr [ebp - 0xd4]
0x0073CAD3	0x0033CAD3	41                              	inc     	ecx
0x0073CAD4	0x0033CAD4	81 c7 b8 00 00 00               	add     	edi, 0xb8
0x0073CADA	0x0033CADA	89 8d 08 ff ff ff               	mov     	dword ptr [ebp - 0xf8], ecx
0x0073CAE0	0x0033CAE0	3b 8b cc 82 01 00               	cmp     	ecx, dword ptr [ebx + 0x182cc]
0x0073CAE6	0x0033CAE6	0f 8c 26 ff ff ff               	jl      	0x73ca12
0x0073CAEC	0x0033CAEC	8b bd dc fe ff ff               	mov     	edi, dword ptr [ebp - 0x124]
0x0073CAF2	0x0033CAF2	8b b5 0c ff ff ff               	mov     	esi, dword ptr [ebp - 0xf4]
0x0073CAF8	0x0033CAF8	8b 8d 20 ff ff ff               	mov     	ecx, dword ptr [ebp - 0xe0]
0x0073CAFE	0x0033CAFE	8d 85 f0 fe ff ff               	lea     	eax, [ebp - 0x110]
0x0073CB04	0x0033CB04	50                              	push    	eax
0x0073CB05	0x0033CB05	e8 36 1b 27 00                  	call    	0x9ae640
0x0073CB0A	0x0033CB0A	85 c0                           	test    	eax, eax
0x0073CB0C	0x0033CB0C	74 28                           	je      	0x73cb36
0x0073CB0E	0x0033CB0E	6a 00                           	push    	0
0x0073CB10	0x0033CB10	51                              	push    	ecx
0x0073CB11	0x0033CB11	ff b5 30 ff ff ff               	push    	dword ptr [ebp - 0xd0]
0x0073CB17	0x0033CB17	8b cb                           	mov     	ecx, ebx
0x0073CB19	0x0033CB19	56                              	push    	esi
0x0073CB1A	0x0033CB1A	50                              	push    	eax
0x0073CB1B	0x0033CB1B	e8 90 bf ff ff                  	call    	0x738ab0
0x0073CB20	0x0033CB20	84 c0                           	test    	al, al
0x0073CB22	0x0033CB22	74 12                           	je      	0x73cb36
0x0073CB24	0x0033CB24	69 83 cc 82 01 00 b8 00 00 00   	imul    	eax, dword ptr [ebx + 0x182cc], 0xb8
0x0073CB2E	0x0033CB2E	c7 44 18 10 63 00 00 00         	mov     	dword ptr [eax + ebx + 0x10], 0x63
