0x0073C680	0x0033C680	30 66 02                        	xor     	byte ptr [esi + 2], ah
0x0073C683	0x0033C683	00 00                           	add     	byte ptr [eax], al
0x0073C685	0x0033C685	77 0d                           	ja      	0x73c694
0x0073C687	0x0033C687	80 bb 89 65 02 00 00            	cmp     	byte ptr [ebx + 0x26589], 0
0x0073C68E	0x0033C68E	0f 84 43 fe ff ff               	je      	0x73c4d7
0x0073C694	0x0033C694	c7 85 28 ff ff ff 01 00 00 00   	mov     	dword ptr [ebp - 0xd8], 1
0x0073C69E	0x0033C69E	e9 34 fe ff ff                  	jmp     	0x73c4d7
0x0073C6A3	0x0033C6A3	33 c0                           	xor     	eax, eax
0x0073C6A5	0x0033C6A5	8d 58 01                        	lea     	ebx, [eax + 1]
0x0073C6A8	0x0033C6A8	8b 0d 78 16 c7 00               	mov     	ecx, dword ptr [0xc71678]
0x0073C6AE	0x0033C6AE	6a 01                           	push    	1
0x0073C6B0	0x0033C6B0	81 c1 a8 ba 01 00               	add     	ecx, 0x1baa8
0x0073C6B6	0x0033C6B6	89 85 30 ff ff ff               	mov     	dword ptr [ebp - 0xd0], eax
0x0073C6BC	0x0033C6BC	51                              	push    	ecx
0x0073C6BD	0x0033C6BD	68 4d 02 00 00                  	push    	0x24d
0x0073C6C2	0x0033C6C2	e8 b9 19 28 00                  	call    	0x9be080
0x0073C6C7	0x0033C6C7	85 c0                           	test    	eax, eax
0x0073C6C9	0x0033C6C9	74 07                           	je      	0x73c6d2
0x0073C6CB	0x0033C6CB	43                              	inc     	ebx
0x0073C6CC	0x0033C6CC	89 9d 14 ff ff ff               	mov     	dword ptr [ebp - 0xec], ebx
0x0073C6D2	0x0033C6D2	33 db                           	xor     	ebx, ebx
0x0073C6D4	0x0033C6D4	39 9d 14 ff ff ff               	cmp     	dword ptr [ebp - 0xec], ebx
0x0073C6DA	0x0033C6DA	0f 8e 5b 01 00 00               	jle     	0x73c83b
0x0073C6E0	0x0033C6E0	8b bd 30 ff ff ff               	mov     	edi, dword ptr [ebp - 0xd0]
0x0073C6E6	0x0033C6E6	51                              	push    	ecx
0x0073C6E7	0x0033C6E7	6a ff                           	push    	-1
0x0073C6E9	0x0033C6E9	8b 8d 24 ff ff ff               	mov     	ecx, dword ptr [ebp - 0xdc]
0x0073C6EF	0x0033C6EF	8d 85 34 ff ff ff               	lea     	eax, [ebp - 0xcc]
0x0073C6F5	0x0033C6F5	50                              	push    	eax
0x0073C6F6	0x0033C6F6	6a 0a                           	push    	0xa
0x0073C6F8	0x0033C6F8	6a 01                           	push    	1
0x0073C6FA	0x0033C6FA	83 ec 08                        	sub     	esp, 8
0x0073C6FD	0x0033C6FD	c7 85 34 ff ff ff 00 00 00 00   	mov     	dword ptr [ebp - 0xcc], 0
0x0073C707	0x0033C707	6a 0d                           	push    	0xd
0x0073C709	0x0033C709	6a 07                           	push    	7
0x0073C70B	0x0033C70B	6a 00                           	push    	0
0x0073C70D	0x0033C70D	ff b5 d8 fe ff ff               	push    	dword ptr [ebp - 0x128]
0x0073C713	0x0033C713	6a 01                           	push    	1
0x0073C715	0x0033C715	56                              	push    	esi
0x0073C716	0x0033C716	e8 b5 06 0f 00                  	call    	0x82cdd0
0x0073C71B	0x0033C71B	8b 8d 2c ff ff ff               	mov     	ecx, dword ptr [ebp - 0xd4]
0x0073C721	0x0033C721	89 85 0c ff ff ff               	mov     	dword ptr [ebp - 0xf4], eax
0x0073C727	0x0033C727	8d 85 f0 fe ff ff               	lea     	eax, [ebp - 0x110]
0x0073C72D	0x0033C72D	50                              	push    	eax
0x0073C72E	0x0033C72E	e8 3d c6 ff ff                  	call    	0x738d70
0x0073C733	0x0033C733	8b 8d 20 ff ff ff               	mov     	ecx, dword ptr [ebp - 0xe0]
0x0073C739	0x0033C739	50                              	push    	eax
0x0073C73A	0x0033C73A	c7 45 fc 03 00 00 00            	mov     	dword ptr [ebp - 4], 3
0x0073C741	0x0033C741	e8 2a 1a 27 00                  	call    	0x9ae170
0x0073C746	0x0033C746	c7 45 fc ff ff ff ff            	mov     	dword ptr [ebp - 4], 0xffffffff
0x0073C74D	0x0033C74D	8b 8d f0 fe ff ff               	mov     	ecx, dword ptr [ebp - 0x110]
0x0073C753	0x0033C753	89 85 34 ff ff ff               	mov     	dword ptr [ebp - 0xcc], eax
0x0073C759	0x0033C759	8d 85 f0 fe ff ff               	lea     	eax, [ebp - 0x110]
0x0073C75F	0x0033C75F	ff 71 04                        	push    	dword ptr [ecx + 4]
0x0073C762	0x0033C762	8b c8                           	mov     	ecx, eax
0x0073C764	0x0033C764	50                              	push    	eax
0x0073C765	0x0033C765	e8 d6 7d ce ff                  	call    	0x424540
0x0073C76A	0x0033C76A	6a 14                           	push    	0x14
0x0073C76C	0x0033C76C	ff b5 f0 fe ff ff               	push    	dword ptr [ebp - 0x110]
0x0073C772	0x0033C772	e8 e5 29 3b 00                  	call    	0xaef15c
0x0073C777	0x0033C777	8b 85 34 ff ff ff               	mov     	eax, dword ptr [ebp - 0xcc]
0x0073C77D	0x0033C77D	83 c4 08                        	add     	esp, 8
0x0073C780	0x0033C780	85 c0                           	test    	eax, eax
0x0073C782	0x0033C782	74 51                           	je      	0x73c7d5
0x0073C784	0x0033C784	8b 8d 2c ff ff ff               	mov     	ecx, dword ptr [ebp - 0xd4]
0x0073C78A	0x0033C78A	c7 85 30 ff ff ff 00 00 00 00   	mov     	dword ptr [ebp - 0xd0], 0
0x0073C794	0x0033C794	8b 91 cc 82 01 00               	mov     	edx, dword ptr [ecx + 0x182cc]
0x0073C79A	0x0033C79A	89 95 b8 fe ff ff               	mov     	dword ptr [ebp - 0x148], edx
0x0073C7A0	0x0033C7A0	8d 95 30 ff ff ff               	lea     	edx, [ebp - 0xd0]
0x0073C7A6	0x0033C7A6	52                              	push    	edx
0x0073C7A7	0x0033C7A7	51                              	push    	ecx
0x0073C7A8	0x0033C7A8	56                              	push    	esi
0x0073C7A9	0x0033C7A9	ff b5 0c ff ff ff               	push    	dword ptr [ebp - 0xf4]
0x0073C7AF	0x0033C7AF	50                              	push    	eax
0x0073C7B0	0x0033C7B0	e8 fb c2 ff ff                  	call    	0x738ab0
0x0073C7B5	0x0033C7B5	8b 85 30 ff ff ff               	mov     	eax, dword ptr [ebp - 0xd0]
0x0073C7BB	0x0033C7BB	85 c0                           	test    	eax, eax
0x0073C7BD	0x0033C7BD	74 16                           	je      	0x73c7d5
0x0073C7BF	0x0033C7BF	83 ff 02                        	cmp     	edi, 2
0x0073C7C2	0x0033C7C2	75 06                           	jne     	0x73c7ca
0x0073C7C4	0x0033C7C4	85 db                           	test    	ebx, ebx
0x0073C7C6	0x0033C7C6	74 09                           	je      	0x73c7d1
0x0073C7C8	0x0033C7C8	eb 0b                           	jmp     	0x73c7d5
0x0073C7CA	0x0033C7CA	7e 09                           	jle     	0x73c7d5
0x0073C7CC	0x0033C7CC	83 fb 02                        	cmp     	ebx, 2
0x0073C7CF	0x0033C7CF	73 04                           	jae     	0x73c7d5
0x0073C7D1	0x0033C7D1	83 48 3c 04                     	or      	dword ptr [eax + 0x3c], 4
0x0073C7D5	0x0033C7D5	f3 0f 7e 05 d4 f4 b1 00         	movq    	xmm0, qword ptr [0xb1f4d4]
0x0073C7DD	0x0033C7DD	a1 dc f4 b1 00                  	mov     	eax, dword ptr [0xb1f4dc]
0x0073C7E2	0x0033C7E2	66 0f d6 85 48 ff ff ff         	movq    	qword ptr [ebp - 0xb8], xmm0
0x0073C7EA	0x0033C7EA	89 85 34 ff ff ff               	mov     	dword ptr [ebp - 0xcc], eax
0x0073C7F0	0x0033C7F0	85 f6                           	test    	esi, esi
0x0073C7F2	0x0033C7F2	75 10                           	jne     	0x73c804
0x0073C7F4	0x0033C7F4	68 54 bf b6 00                  	push    	0xb6bf54
0x0073C7F9	0x0033C7F9	6a 10                           	push    	0x10
0x0073C7FB	0x0033C7FB	e8 c0 4a 2d 00                  	call    	0xa112c0
0x0073C800	0x0033C800	83 c4 08                        	add     	esp, 8
0x0073C803	0x0033C803	cc                              	int3    	
0x0073C804	0x0033C804	8b 8d 48 ff ff ff               	mov     	ecx, dword ptr [ebp - 0xb8]
0x0073C80A	0x0033C80A	8b c6                           	mov     	eax, esi
0x0073C80C	0x0033C80C	d3 e8                           	shr     	eax, cl
0x0073C80E	0x0033C80E	43                              	inc     	ebx
