0x009AE640	0x005AE640	55                              	push    	ebp
0x009AE641	0x005AE641	8b ec                           	mov     	ebp, esp
0x009AE643	0x005AE643	6a ff                           	push    	-1
0x009AE645	0x005AE645	68 3b e2 b0 00                  	push    	0xb0e23b
0x009AE64A	0x005AE64A	64 a1 00 00 00 00               	mov     	eax, dword ptr fs:[0]
0x009AE650	0x005AE650	50                              	push    	eax
0x009AE651	0x005AE651	81 ec 18 01 00 00               	sub     	esp, 0x118
0x009AE657	0x005AE657	a1 b4 93 bf 00                  	mov     	eax, dword ptr [0xbf93b4]
0x009AE65C	0x005AE65C	33 c5                           	xor     	eax, ebp
0x009AE65E	0x005AE65E	89 45 ec                        	mov     	dword ptr [ebp - 0x14], eax
0x009AE661	0x005AE661	53                              	push    	ebx
0x009AE662	0x005AE662	56                              	push    	esi
0x009AE663	0x005AE663	57                              	push    	edi
0x009AE664	0x005AE664	50                              	push    	eax
0x009AE665	0x005AE665	8d 45 f4                        	lea     	eax, [ebp - 0xc]
0x009AE668	0x005AE668	64 a3 00 00 00 00               	mov     	dword ptr fs:[0], eax
0x009AE66E	0x005AE66E	8b f9                           	mov     	edi, ecx
0x009AE670	0x005AE670	89 bd 00 ff ff ff               	mov     	dword ptr [ebp - 0x100], edi
0x009AE676	0x005AE676	0f 28 05 40 cc ba 00            	movaps  	xmm0, xmmword ptr [0xbacc40]
0x009AE67D	0x005AE67D	33 c9                           	xor     	ecx, ecx
0x009AE67F	0x005AE67F	0f 11 45 cc                     	movups  	xmmword ptr [ebp - 0x34], xmm0
0x009AE683	0x005AE683	33 c0                           	xor     	eax, eax
0x009AE685	0x005AE685	33 d2                           	xor     	edx, edx
0x009AE687	0x005AE687	0f 28 05 d0 b0 ba 00            	movaps  	xmm0, xmmword ptr [0xbab0d0]
0x009AE68E	0x005AE68E	0f 11 45 dc                     	movups  	xmmword ptr [ebp - 0x24], xmm0
0x009AE692	0x005AE692	c7 85 24 ff ff ff 00 00 00 00   	mov     	dword ptr [ebp - 0xdc], 0
0x009AE69C	0x005AE69C	0f 28 05 90 cc ba 00            	movaps  	xmm0, xmmword ptr [0xbacc90]
0x009AE6A3	0x005AE6A3	0f 11 45 8c                     	movups  	xmmword ptr [ebp - 0x74], xmm0
0x009AE6A7	0x005AE6A7	89 8d 3c ff ff ff               	mov     	dword ptr [ebp - 0xc4], ecx
0x009AE6AD	0x005AE6AD	0f 28 05 70 cc ba 00            	movaps  	xmm0, xmmword ptr [0xbacc70]
0x009AE6B4	0x005AE6B4	0f 11 45 9c                     	movups  	xmmword ptr [ebp - 0x64], xmm0
0x009AE6B8	0x005AE6B8	89 8d 08 ff ff ff               	mov     	dword ptr [ebp - 0xf8], ecx
0x009AE6BE	0x005AE6BE	0f 28 05 20 b1 ba 00            	movaps  	xmm0, xmmword ptr [0xbab120]
0x009AE6C5	0x005AE6C5	0f 11 45 ac                     	movups  	xmmword ptr [ebp - 0x54], xmm0
0x009AE6C9	0x005AE6C9	89 85 40 ff ff ff               	mov     	dword ptr [ebp - 0xc0], eax
0x009AE6CF	0x005AE6CF	0f 28 05 c0 b1 ba 00            	movaps  	xmm0, xmmword ptr [0xbab1c0]
0x009AE6D6	0x005AE6D6	0f 11 45 bc                     	movups  	xmmword ptr [ebp - 0x44], xmm0
0x009AE6DA	0x005AE6DA	89 85 0c ff ff ff               	mov     	dword ptr [ebp - 0xf4], eax
0x009AE6E0	0x005AE6E0	89 95 28 ff ff ff               	mov     	dword ptr [ebp - 0xd8], edx
0x009AE6E6	0x005AE6E6	89 95 10 ff ff ff               	mov     	dword ptr [ebp - 0xf0], edx
0x009AE6EC	0x005AE6EC	8d 5f 14                        	lea     	ebx, [edi + 0x14]
0x009AE6EF	0x005AE6EF	89 55 fc                        	mov     	dword ptr [ebp - 4], edx
0x009AE6F2	0x005AE6F2	33 f6                           	xor     	esi, esi
0x009AE6F4	0x005AE6F4	89 9d 30 ff ff ff               	mov     	dword ptr [ebp - 0xd0], ebx
0x009AE6FA	0x005AE6FA	8b 5d 08                        	mov     	ebx, dword ptr [ebp + 8]
0x009AE6FD	0x005AE6FD	8d 57 14                        	lea     	edx, [edi + 0x14]
0x009AE700	0x005AE700	89 b5 34 ff ff ff               	mov     	dword ptr [ebp - 0xcc], esi
0x009AE706	0x005AE706	83 3a 00                        	cmp     	dword ptr [edx], 0
0x009AE709	0x005AE709	0f 8d a8 03 00 00               	jge     	0x9aeab7
0x009AE70F	0x005AE70F	80 bc 37 b8 02 00 00 00         	cmp     	byte ptr [edi + esi + 0x2b8], 0
0x009AE717	0x005AE717	0f 85 9a 03 00 00               	jne     	0x9aeab7
0x009AE71D	0x005AE71D	85 db                           	test    	ebx, ebx
0x009AE71F	0x005AE71F	74 34                           	je      	0x9ae755
0x009AE721	0x005AE721	8d 85 38 ff ff ff               	lea     	eax, [ebp - 0xc8]
0x009AE727	0x005AE727	89 b5 38 ff ff ff               	mov     	dword ptr [ebp - 0xc8], esi
0x009AE72D	0x005AE72D	50                              	push    	eax
0x009AE72E	0x005AE72E	8d 85 e8 fe ff ff               	lea     	eax, [ebp - 0x118]
0x009AE734	0x005AE734	8b cb                           	mov     	ecx, ebx
0x009AE736	0x005AE736	50                              	push    	eax
0x009AE737	0x005AE737	e8 64 a1 a7 ff                  	call    	0x4288a0
0x009AE73C	0x005AE73C	8b 85 f0 fe ff ff               	mov     	eax, dword ptr [ebp - 0x110]
0x009AE742	0x005AE742	80 78 0d 00                     	cmp     	byte ptr [eax + 0xd], 0
0x009AE746	0x005AE746	75 0d                           	jne     	0x9ae755
0x009AE748	0x005AE748	3b 70 10                        	cmp     	esi, dword ptr [eax + 0x10]
0x009AE74B	0x005AE74B	7c 08                           	jl      	0x9ae755
0x009AE74D	0x005AE74D	3b 03                           	cmp     	eax, dword ptr [ebx]
0x009AE74F	0x005AE74F	0f 85 3c 03 00 00               	jne     	0x9aea91
0x009AE755	0x005AE755	8b 17                           	mov     	edx, dword ptr [edi]
0x009AE757	0x005AE757	85 d2                           	test    	edx, edx
0x009AE759	0x005AE759	75 16                           	jne     	0x9ae771
0x009AE75B	0x005AE75B	68 54 bf b6 00                  	push    	0xb6bf54
0x009AE760	0x005AE760	6a 10                           	push    	0x10
0x009AE762	0x005AE762	e8 59 2b 06 00                  	call    	0xa112c0
0x009AE767	0x005AE767	8b 17                           	mov     	edx, dword ptr [edi]
0x009AE769	0x005AE769	83 c4 08                        	add     	esp, 8
0x009AE76C	0x005AE76C	85 d2                           	test    	edx, edx
0x009AE76E	0x005AE76E	75 01                           	jne     	0x9ae771
0x009AE770	0x005AE770	cc                              	int3    	
0x009AE771	0x005AE771	8b 4f 04                        	mov     	ecx, dword ptr [edi + 4]
0x009AE774	0x005AE774	8b c2                           	mov     	eax, edx
0x009AE776	0x005AE776	d3 e8                           	shr     	eax, cl
0x009AE778	0x005AE778	8b 4f 08                        	mov     	ecx, dword ptr [edi + 8]
0x009AE77B	0x005AE77B	33 c2                           	xor     	eax, edx
0x009AE77D	0x005AE77D	8b d0                           	mov     	edx, eax
0x009AE77F	0x005AE77F	d3 e2                           	shl     	edx, cl
0x009AE781	0x005AE781	8b 4f 0c                        	mov     	ecx, dword ptr [edi + 0xc]
0x009AE784	0x005AE784	33 d0                           	xor     	edx, eax
0x009AE786	0x005AE786	8b c2                           	mov     	eax, edx
0x009AE788	0x005AE788	d3 e8                           	shr     	eax, cl
0x009AE78A	0x005AE78A	b9 05 00 00 00                  	mov     	ecx, 5
0x009AE78F	0x005AE78F	33 c2                           	xor     	eax, edx
0x009AE791	0x005AE791	33 d2                           	xor     	edx, edx
0x009AE793	0x005AE793	89 07                           	mov     	dword ptr [edi], eax
0x009AE795	0x005AE795	f7 f1                           	div     	ecx
0x009AE797	0x005AE797	b8 4f ec c4 4e                  	mov     	eax, 0x4ec4ec4f
0x009AE79C	0x005AE79C	8d 72 0a                        	lea     	esi, [edx + 0xa]
0x009AE79F	0x005AE79F	33 d2                           	xor     	edx, edx
0x009AE7A1	0x005AE7A1	89 95 2c ff ff ff               	mov     	dword ptr [ebp - 0xd4], edx
0x009AE7A7	0x005AE7A7	f7 a5 34 ff ff ff               	mul     	dword ptr [ebp - 0xcc]
0x009AE7AD	0x005AE7AD	89 b5 18 ff ff ff               	mov     	dword ptr [ebp - 0xe8], esi
0x009AE7B3	0x005AE7B3	8b c2                           	mov     	eax, edx
0x009AE7B5	0x005AE7B5	8b 95 34 ff ff ff               	mov     	edx, dword ptr [ebp - 0xcc]
0x009AE7BB	0x005AE7BB	c1 e8 02                        	shr     	eax, 2
0x009AE7BE	0x005AE7BE	89 85 14 ff ff ff               	mov     	dword ptr [ebp - 0xec], eax
0x009AE7C4	0x005AE7C4	6b c0 0d                        	imul    	eax, eax, 0xd
0x009AE7C7	0x005AE7C7	2b d0                           	sub     	edx, eax
0x009AE7C9	0x005AE7C9	33 c9                           	xor     	ecx, ecx
0x009AE7CB	0x005AE7CB	89 95 fc fe ff ff               	mov     	dword ptr [ebp - 0x104], edx
0x009AE7D1	0x005AE7D1	85 f6                           	test    	esi, esi
0x009AE7D3	0x005AE7D3	0f 88 c6 02 00 00               	js      	0x9aea9f
0x009AE7D9	0x005AE7D9	8b 44 cd d0                     	mov     	eax, dword ptr [ebp + ecx*8 - 0x30]
0x009AE7DD	0x005AE7DD	03 54 cd cc                     	add     	edx, dword ptr [ebp + ecx*8 - 0x34]
0x009AE7E1	0x005AE7E1	03 85 14 ff ff ff               	add     	eax, dword ptr [ebp - 0xec]
0x009AE7E7	0x005AE7E7	8b 5d 08                        	mov     	ebx, dword ptr [ebp + 8]
0x009AE7EA	0x005AE7EA	83 fa 0c                        	cmp     	edx, 0xc
0x009AE7ED	0x005AE7ED	77 1d                           	ja      	0x9ae80c
0x009AE7EF	0x005AE7EF	83 f8 0c                        	cmp     	eax, 0xc
0x009AE7F2	0x005AE7F2	77 18                           	ja      	0x9ae80c
0x009AE7F4	0x005AE7F4	6b c0 0d                        	imul    	eax, eax, 0xd
0x009AE7F7	0x005AE7F7	03 c2                           	add     	eax, edx
0x009AE7F9	0x005AE7F9	78 11                           	js      	0x9ae80c
0x009AE7FB	0x005AE7FB	83 7c 87 14 00                  	cmp     	dword ptr [edi + eax*4 + 0x14], 0
0x009AE800	0x005AE800	7d 18                           	jge     	0x9ae81a
0x009AE802	0x005AE802	80 bc 07 b8 02 00 00 00         	cmp     	byte ptr [edi + eax + 0x2b8], 0
0x009AE80A	0x005AE80A	75 0e                           	jne     	0x9ae81a
0x009AE80C	0x005AE80C	41                              	inc     	ecx
0x009AE80D	0x005AE80D	83 f9 04                        	cmp     	ecx, 4
0x009AE810	0x005AE810	73 17                           	jae     	0x9ae829
0x009AE812	0x005AE812	8b 95 fc fe ff ff               	mov     	edx, dword ptr [ebp - 0x104]
0x009AE818	0x005AE818	eb b7                           	jmp     	0x9ae7d1
0x009AE81A	0x005AE81A	83 c6 9c                        	add     	esi, -0x64
0x009AE81D	0x005AE81D	89 b5 18 ff ff ff               	mov     	dword ptr [ebp - 0xe8], esi
0x009AE823	0x005AE823	0f 88 76 02 00 00               	js      	0x9aea9f
0x009AE829	0x005AE829	33 c0                           	xor     	eax, eax
0x009AE82B	0x005AE82B	89 85 04 ff ff ff               	mov     	dword ptr [ebp - 0xfc], eax
0x009AE831	0x005AE831	85 f6                           	test    	esi, esi
0x009AE833	0x005AE833	0f 88 42 01 00 00               	js      	0x9ae97b
0x009AE839	0x005AE839	8b 74 c5 8c                     	mov     	esi, dword ptr [ebp + eax*8 - 0x74]
0x009AE83D	0x005AE83D	8b 8d fc fe ff ff               	mov     	ecx, dword ptr [ebp - 0x104]
0x009AE843	0x005AE843	8b 44 c5 90                     	mov     	eax, dword ptr [ebp + eax*8 - 0x70]
0x009AE847	0x005AE847	03 ce                           	add     	ecx, esi
0x009AE849	0x005AE849	03 85 14 ff ff ff               	add     	eax, dword ptr [ebp - 0xec]
0x009AE84F	0x005AE84F	89 b5 1c ff ff ff               	mov     	dword ptr [ebp - 0xe4], esi
0x009AE855	0x005AE855	83 f9 0c                        	cmp     	ecx, 0xc
0x009AE858	0x005AE858	0f 87 01 01 00 00               	ja      	0x9ae95f
0x009AE85E	0x005AE85E	83 f8 0c                        	cmp     	eax, 0xc
0x009AE861	0x005AE861	0f 87 f8 00 00 00               	ja      	0x9ae95f
0x009AE867	0x005AE867	6b c0 0d                        	imul    	eax, eax, 0xd
0x009AE86A	0x005AE86A	03 c1                           	add     	eax, ecx
0x009AE86C	0x005AE86C	0f 88 ed 00 00 00               	js      	0x9ae95f
0x009AE872	0x005AE872	8b 44 87 14                     	mov     	eax, dword ptr [edi + eax*4 + 0x14]
0x009AE876	0x005AE876	85 c0                           	test    	eax, eax
0x009AE878	0x005AE878	0f 88 e1 00 00 00               	js      	0x9ae95f
0x009AE87E	0x005AE87E	8d 0c c0                        	lea     	ecx, [eax + eax*8]
0x009AE881	0x005AE881	8b 87 64 03 00 00               	mov     	eax, dword ptr [edi + 0x364]
0x009AE887	0x005AE887	33 ff                           	xor     	edi, edi
0x009AE889	0x005AE889	8d 14 c8                        	lea     	edx, [eax + ecx*8]
0x009AE88C	0x005AE88C	89 95 20 ff ff ff               	mov     	dword ptr [ebp - 0xe0], edx
0x009AE892	0x005AE892	0f 1f 40 00                     	nop     	dword ptr [eax]
0x009AE896	0x005AE896	66 66 0f 1f 84 00 00 00 00 00   	nop     	word ptr [eax + eax]
0x009AE8A0	0x005AE8A0	8b 85 04 ff ff ff               	mov     	eax, dword ptr [ebp - 0xfc]
0x009AE8A6	0x005AE8A6	8b 4c fd d0                     	mov     	ecx, dword ptr [ebp + edi*8 - 0x30]
0x009AE8AA	0x005AE8AA	0f af 4c c5 90                  	imul    	ecx, dword ptr [ebp + eax*8 - 0x70]
0x009AE8AF	0x005AE8AF	8b 44 fd cc                     	mov     	eax, dword ptr [ebp + edi*8 - 0x34]
0x009AE8B3	0x005AE8B3	0f af c6                        	imul    	eax, esi
0x009AE8B6	0x005AE8B6	03 c8                           	add     	ecx, eax
0x009AE8B8	0x005AE8B8	85 c9                           	test    	ecx, ecx
0x009AE8BA	0x005AE8BA	7e 7a                           	jle     	0x9ae936
0x009AE8BC	0x005AE8BC	8d 47 fe                        	lea     	eax, [edi - 2]
0x009AE8BF	0x005AE8BF	83 e0 03                        	and     	eax, 3
0x009AE8C2	0x005AE8C2	8d 8d f4 fe ff ff               	lea     	ecx, [ebp - 0x10c]
0x009AE8C8	0x005AE8C8	6a 00                           	push    	0
0x009AE8CA	0x005AE8CA	50                              	push    	eax
0x009AE8CB	0x005AE8CB	ff 72 18                        	push    	dword ptr [edx + 0x18]
0x009AE8CE	0x005AE8CE	83 c2 08                        	add     	edx, 8
0x009AE8D1	0x005AE8D1	e8 4a 0d 00 00                  	call    	0x9af620
0x009AE8D6	0x005AE8D6	8b 8d f4 fe ff ff               	mov     	ecx, dword ptr [ebp - 0x10c]
0x009AE8DC	0x005AE8DC	83 c4 0c                        	add     	esp, 0xc
0x009AE8DF	0x005AE8DF	83 f9 0c                        	cmp     	ecx, 0xc
0x009AE8E2	0x005AE8E2	77 5e                           	ja      	0x9ae942
0x009AE8E4	0x005AE8E4	8b 85 f8 fe ff ff               	mov     	eax, dword ptr [ebp - 0x108]
0x009AE8EA	0x005AE8EA	83 f8 0c                        	cmp     	eax, 0xc
0x009AE8ED	0x005AE8ED	77 53                           	ja      	0x9ae942
0x009AE8EF	0x005AE8EF	6b f0 0d                        	imul    	esi, eax, 0xd
0x009AE8F2	0x005AE8F2	03 f1                           	add     	esi, ecx
0x009AE8F4	0x005AE8F4	89 b5 38 ff ff ff               	mov     	dword ptr [ebp - 0xc8], esi
0x009AE8FA	0x005AE8FA	78 50                           	js      	0x9ae94c
0x009AE8FC	0x005AE8FC	85 db                           	test    	ebx, ebx
0x009AE8FE	0x005AE8FE	74 2a                           	je      	0x9ae92a
0x009AE900	0x005AE900	8d 85 38 ff ff ff               	lea     	eax, [ebp - 0xc8]
0x009AE906	0x005AE906	8b cb                           	mov     	ecx, ebx
0x009AE908	0x005AE908	50                              	push    	eax
0x009AE909	0x005AE909	8d 85 dc fe ff ff               	lea     	eax, [ebp - 0x124]
0x009AE90F	0x005AE90F	50                              	push    	eax
0x009AE910	0x005AE910	e8 8b 9f a7 ff                  	call    	0x4288a0
0x009AE915	0x005AE915	8b 85 e4 fe ff ff               	mov     	eax, dword ptr [ebp - 0x11c]
0x009AE91B	0x005AE91B	80 78 0d 00                     	cmp     	byte ptr [eax + 0xd], 0
0x009AE91F	0x005AE91F	75 09                           	jne     	0x9ae92a
0x009AE921	0x005AE921	3b 70 10                        	cmp     	esi, dword ptr [eax + 0x10]
0x009AE924	0x005AE924	7c 04                           	jl      	0x9ae92a
0x009AE926	0x005AE926	3b 03                           	cmp     	eax, dword ptr [ebx]
0x009AE928	0x005AE928	75 22                           	jne     	0x9ae94c
0x009AE92A	0x005AE92A	8b b5 1c ff ff ff               	mov     	esi, dword ptr [ebp - 0xe4]
0x009AE930	0x005AE930	8b 95 20 ff ff ff               	mov     	edx, dword ptr [ebp - 0xe0]
0x009AE936	0x005AE936	47                              	inc     	edi
0x009AE937	0x005AE937	83 ff 04                        	cmp     	edi, 4
0x009AE93A	0x005AE93A	0f 82 60 ff ff ff               	jb      	0x9ae8a0
0x009AE940	0x005AE940	eb 11                           	jmp     	0x9ae953
0x009AE942	0x005AE942	c7 85 38 ff ff ff ff ff ff ff   	mov     	dword ptr [ebp - 0xc8], 0xffffffff
0x009AE94C	0x005AE94C	83 ad 18 ff ff ff 64            	sub     	dword ptr [ebp - 0xe8], 0x64
0x009AE953	0x005AE953	ff 85 2c ff ff ff               	inc     	dword ptr [ebp - 0xd4]
0x009AE959	0x005AE959	8b bd 00 ff ff ff               	mov     	edi, dword ptr [ebp - 0x100]
0x009AE95F	0x005AE95F	8b 85 04 ff ff ff               	mov     	eax, dword ptr [ebp - 0xfc]
0x009AE965	0x005AE965	8b b5 18 ff ff ff               	mov     	esi, dword ptr [ebp - 0xe8]
0x009AE96B	0x005AE96B	40                              	inc     	eax
0x009AE96C	0x005AE96C	89 85 04 ff ff ff               	mov     	dword ptr [ebp - 0xfc], eax
0x009AE972	0x005AE972	83 f8 08                        	cmp     	eax, 8
0x009AE975	0x005AE975	0f 82 b6 fe ff ff               	jb      	0x9ae831
0x009AE97B	0x005AE97B	8b 95 2c ff ff ff               	mov     	edx, dword ptr [ebp - 0xd4]
0x009AE981	0x005AE981	85 d2                           	test    	edx, edx
0x009AE983	0x005AE983	0f 84 16 01 00 00               	je      	0x9aea9f
0x009AE989	0x005AE989	85 f6                           	test    	esi, esi
0x009AE98B	0x005AE98B	0f 88 0e 01 00 00               	js      	0x9aea9f
0x009AE991	0x005AE991	83 fa 03                        	cmp     	edx, 3
0x009AE994	0x005AE994	8d 46 fd                        	lea     	eax, [esi - 3]
0x009AE997	0x005AE997	0f 4d c6                        	cmovge  	eax, esi
0x009AE99A	0x005AE99A	83 fa 02                        	cmp     	edx, 2
0x009AE99D	0x005AE99D	8d 48 fd                        	lea     	ecx, [eax - 3]
0x009AE9A0	0x005AE9A0	0f 4d c8                        	cmovge  	ecx, eax
0x009AE9A3	0x005AE9A3	3b 8d 24 ff ff ff               	cmp     	ecx, dword ptr [ebp - 0xdc]
0x009AE9A9	0x005AE9A9	7e 78                           	jle     	0x9aea23
0x009AE9AB	0x005AE9AB	8b 85 34 ff ff ff               	mov     	eax, dword ptr [ebp - 0xcc]
0x009AE9B1	0x005AE9B1	89 8d 24 ff ff ff               	mov     	dword ptr [ebp - 0xdc], ecx
0x009AE9B7	0x005AE9B7	8b 8d 3c ff ff ff               	mov     	ecx, dword ptr [ebp - 0xc4]
0x009AE9BD	0x005AE9BD	89 8d 0c ff ff ff               	mov     	dword ptr [ebp - 0xf4], ecx
0x009AE9C3	0x005AE9C3	89 85 38 ff ff ff               	mov     	dword ptr [ebp - 0xc8], eax
0x009AE9C9	0x005AE9C9	3b 8d 28 ff ff ff               	cmp     	ecx, dword ptr [ebp - 0xd8]
0x009AE9CF	0x005AE9CF	74 16                           	je      	0x9ae9e7
0x009AE9D1	0x005AE9D1	89 01                           	mov     	dword ptr [ecx], eax
0x009AE9D3	0x005AE9D3	8d 41 04                        	lea     	eax, [ecx + 4]
0x009AE9D6	0x005AE9D6	89 85 40 ff ff ff               	mov     	dword ptr [ebp - 0xc0], eax
0x009AE9DC	0x005AE9DC	89 85 0c ff ff ff               	mov     	dword ptr [ebp - 0xf4], eax
0x009AE9E2	0x005AE9E2	e9 c4 00 00 00                  	jmp     	0x9aeaab
0x009AE9E7	0x005AE9E7	8d 85 38 ff ff ff               	lea     	eax, [ebp - 0xc8]
0x009AE9ED	0x005AE9ED	50                              	push    	eax
0x009AE9EE	0x005AE9EE	51                              	push    	ecx
0x009AE9EF	0x005AE9EF	8d 8d 08 ff ff ff               	lea     	ecx, [ebp - 0xf8]
0x009AE9F5	0x005AE9F5	e8 26 df a7 ff                  	call    	0x42c920
0x009AE9FA	0x005AE9FA	8b 95 10 ff ff ff               	mov     	edx, dword ptr [ebp - 0xf0]
0x009AEA00	0x005AEA00	8b 85 0c ff ff ff               	mov     	eax, dword ptr [ebp - 0xf4]
0x009AEA06	0x005AEA06	8b 8d 08 ff ff ff               	mov     	ecx, dword ptr [ebp - 0xf8]
0x009AEA0C	0x005AEA0C	89 95 28 ff ff ff               	mov     	dword ptr [ebp - 0xd8], edx
0x009AEA12	0x005AEA12	89 85 40 ff ff ff               	mov     	dword ptr [ebp - 0xc0], eax
0x009AEA18	0x005AEA18	89 8d 3c ff ff ff               	mov     	dword ptr [ebp - 0xc4], ecx
0x009AEA1E	0x005AEA1E	e9 88 00 00 00                  	jmp     	0x9aeaab
0x009AEA23	0x005AEA23	8b b5 34 ff ff ff               	mov     	esi, dword ptr [ebp - 0xcc]
0x009AEA29	0x005AEA29	8b 85 40 ff ff ff               	mov     	eax, dword ptr [ebp - 0xc0]
0x009AEA2F	0x005AEA2F	75 1f                           	jne     	0x9aea50
0x009AEA31	0x005AEA31	89 b5 38 ff ff ff               	mov     	dword ptr [ebp - 0xc8], esi
0x009AEA37	0x005AEA37	3b 85 28 ff ff ff               	cmp     	eax, dword ptr [ebp - 0xd8]
0x009AEA3D	0x005AEA3D	74 19                           	je      	0x9aea58
0x009AEA3F	0x005AEA3F	89 30                           	mov     	dword ptr [eax], esi
0x009AEA41	0x005AEA41	83 c0 04                        	add     	eax, 4
0x009AEA44	0x005AEA44	89 85 40 ff ff ff               	mov     	dword ptr [ebp - 0xc0], eax
0x009AEA4A	0x005AEA4A	89 85 0c ff ff ff               	mov     	dword ptr [ebp - 0xf4], eax
0x009AEA50	0x005AEA50	8b 8d 3c ff ff ff               	mov     	ecx, dword ptr [ebp - 0xc4]
0x009AEA56	0x005AEA56	eb 59                           	jmp     	0x9aeab1
0x009AEA58	0x005AEA58	8d 8d 38 ff ff ff               	lea     	ecx, [ebp - 0xc8]
0x009AEA5E	0x005AEA5E	51                              	push    	ecx
0x009AEA5F	0x005AEA5F	50                              	push    	eax
0x009AEA60	0x005AEA60	8d 8d 08 ff ff ff               	lea     	ecx, [ebp - 0xf8]
0x009AEA66	0x005AEA66	e8 b5 de a7 ff                  	call    	0x42c920
0x009AEA6B	0x005AEA6B	8b 85 10 ff ff ff               	mov     	eax, dword ptr [ebp - 0xf0]
0x009AEA71	0x005AEA71	8b 8d 08 ff ff ff               	mov     	ecx, dword ptr [ebp - 0xf8]
0x009AEA77	0x005AEA77	89 85 28 ff ff ff               	mov     	dword ptr [ebp - 0xd8], eax
0x009AEA7D	0x005AEA7D	8b 85 0c ff ff ff               	mov     	eax, dword ptr [ebp - 0xf4]
0x009AEA83	0x005AEA83	89 85 40 ff ff ff               	mov     	dword ptr [ebp - 0xc0], eax
0x009AEA89	0x005AEA89	89 8d 3c ff ff ff               	mov     	dword ptr [ebp - 0xc4], ecx
0x009AEA8F	0x005AEA8F	eb 20                           	jmp     	0x9aeab1
0x009AEA91	0x005AEA91	8b 85 40 ff ff ff               	mov     	eax, dword ptr [ebp - 0xc0]
0x009AEA97	0x005AEA97	8b 8d 3c ff ff ff               	mov     	ecx, dword ptr [ebp - 0xc4]
0x009AEA9D	0x005AEA9D	eb 12                           	jmp     	0x9aeab1
0x009AEA9F	0x005AEA9F	8b 8d 3c ff ff ff               	mov     	ecx, dword ptr [ebp - 0xc4]
0x009AEAA5	0x005AEAA5	8b 85 40 ff ff ff               	mov     	eax, dword ptr [ebp - 0xc0]
0x009AEAAB	0x005AEAAB	8b b5 34 ff ff ff               	mov     	esi, dword ptr [ebp - 0xcc]
0x009AEAB1	0x005AEAB1	8b 95 30 ff ff ff               	mov     	edx, dword ptr [ebp - 0xd0]
0x009AEAB7	0x005AEAB7	46                              	inc     	esi
0x009AEAB8	0x005AEAB8	83 c2 04                        	add     	edx, 4
0x009AEABB	0x005AEABB	89 b5 34 ff ff ff               	mov     	dword ptr [ebp - 0xcc], esi
0x009AEAC1	0x005AEAC1	89 95 30 ff ff ff               	mov     	dword ptr [ebp - 0xd0], edx
0x009AEAC7	0x005AEAC7	81 fe a9 00 00 00               	cmp     	esi, 0xa9
0x009AEACD	0x005AEACD	0f 82 33 fc ff ff               	jb      	0x9ae706
0x009AEAD3	0x005AEAD3	2b c1                           	sub     	eax, ecx
0x009AEAD5	0x005AEAD5	c1 f8 02                        	sar     	eax, 2
0x009AEAD8	0x005AEAD8	89 85 40 ff ff ff               	mov     	dword ptr [ebp - 0xc0], eax
0x009AEADE	0x005AEADE	85 c0                           	test    	eax, eax
0x009AEAE0	0x005AEAE0	0f 84 fd 01 00 00               	je      	0x9aece3
0x009AEAE6	0x005AEAE6	8b 07                           	mov     	eax, dword ptr [edi]
0x009AEAE8	0x005AEAE8	85 c0                           	test    	eax, eax
0x009AEAEA	0x005AEAEA	75 16                           	jne     	0x9aeb02
0x009AEAEC	0x005AEAEC	68 54 bf b6 00                  	push    	0xb6bf54
0x009AEAF1	0x005AEAF1	6a 10                           	push    	0x10
0x009AEAF3	0x005AEAF3	e8 c8 27 06 00                  	call    	0xa112c0
0x009AEAF8	0x005AEAF8	8b 07                           	mov     	eax, dword ptr [edi]
0x009AEAFA	0x005AEAFA	83 c4 08                        	add     	esp, 8
0x009AEAFD	0x005AEAFD	85 c0                           	test    	eax, eax
0x009AEAFF	0x005AEAFF	75 01                           	jne     	0x9aeb02
0x009AEB01	0x005AEB01	cc                              	int3    	
0x009AEB02	0x005AEB02	8b 4f 04                        	mov     	ecx, dword ptr [edi + 4]
0x009AEB05	0x005AEB05	8b f0                           	mov     	esi, eax
0x009AEB07	0x005AEB07	d3 ee                           	shr     	esi, cl
0x009AEB09	0x005AEB09	8b 4f 08                        	mov     	ecx, dword ptr [edi + 8]
0x009AEB0C	0x005AEB0C	33 f0                           	xor     	esi, eax
0x009AEB0E	0x005AEB0E	8b c6                           	mov     	eax, esi
0x009AEB10	0x005AEB10	d3 e0                           	shl     	eax, cl
0x009AEB12	0x005AEB12	8b 4f 0c                        	mov     	ecx, dword ptr [edi + 0xc]
0x009AEB15	0x005AEB15	33 f0                           	xor     	esi, eax
0x009AEB17	0x005AEB17	8b d6                           	mov     	edx, esi
0x009AEB19	0x005AEB19	d3 ea                           	shr     	edx, cl
0x009AEB1B	0x005AEB1B	33 f2                           	xor     	esi, edx
0x009AEB1D	0x005AEB1D	8b 8d 3c ff ff ff               	mov     	ecx, dword ptr [ebp - 0xc4]
0x009AEB23	0x005AEB23	33 d2                           	xor     	edx, edx
0x009AEB25	0x005AEB25	89 37                           	mov     	dword ptr [edi], esi
0x009AEB27	0x005AEB27	8b c6                           	mov     	eax, esi
0x009AEB29	0x005AEB29	f7 b5 40 ff ff ff               	div     	dword ptr [ebp - 0xc0]
0x009AEB2F	0x005AEB2F	8b 34 91                        	mov     	esi, dword ptr [ecx + edx*4]
0x009AEB32	0x005AEB32	8d 0c 91                        	lea     	ecx, [ecx + edx*4]
0x009AEB35	0x005AEB35	b8 4f ec c4 4e                  	mov     	eax, 0x4ec4ec4f
0x009AEB3A	0x005AEB3A	8b ce                           	mov     	ecx, esi
0x009AEB3C	0x005AEB3C	f7 ee                           	imul    	esi
0x009AEB3E	0x005AEB3E	6a 01                           	push    	1
0x009AEB40	0x005AEB40	c1 fa 02                        	sar     	edx, 2
0x009AEB43	0x005AEB43	83 ec 08                        	sub     	esp, 8
0x009AEB46	0x005AEB46	8b da                           	mov     	ebx, edx
0x009AEB48	0x005AEB48	c1 eb 1f                        	shr     	ebx, 0x1f
0x009AEB4B	0x005AEB4B	03 da                           	add     	ebx, edx
0x009AEB4D	0x005AEB4D	6b c3 0d                        	imul    	eax, ebx, 0xd
0x009AEB50	0x005AEB50	89 9d 24 ff ff ff               	mov     	dword ptr [ebp - 0xdc], ebx
0x009AEB56	0x005AEB56	2b c8                           	sub     	ecx, eax
0x009AEB58	0x005AEB58	8b c4                           	mov     	eax, esp
0x009AEB5A	0x005AEB5A	89 8d 2c ff ff ff               	mov     	dword ptr [ebp - 0xd4], ecx
0x009AEB60	0x005AEB60	89 08                           	mov     	dword ptr [eax], ecx
0x009AEB62	0x005AEB62	8d 8d 44 ff ff ff               	lea     	ecx, [ebp - 0xbc]
0x009AEB68	0x005AEB68	89 58 04                        	mov     	dword ptr [eax + 4], ebx
0x009AEB6B	0x005AEB6B	e8 40 96 d8 ff                  	call    	0x7381b0
0x009AEB70	0x005AEB70	8d 85 44 ff ff ff               	lea     	eax, [ebp - 0xbc]
0x009AEB76	0x005AEB76	c6 45 fc 01                     	mov     	byte ptr [ebp - 4], 1
0x009AEB7A	0x005AEB7A	50                              	push    	eax
0x009AEB7B	0x005AEB7B	8b cf                           	mov     	ecx, edi
0x009AEB7D	0x005AEB7D	c6 45 88 01                     	mov     	byte ptr [ebp - 0x78], 1
0x009AEB81	0x005AEB81	e8 aa 17 00 00                  	call    	0x9b0330
0x009AEB86	0x005AEB86	8b 44 b7 14                     	mov     	eax, dword ptr [edi + esi*4 + 0x14]
0x009AEB8A	0x005AEB8A	8d 0c c0                        	lea     	ecx, [eax + eax*8]
0x009AEB8D	0x005AEB8D	8b 87 64 03 00 00               	mov     	eax, dword ptr [edi + 0x364]
0x009AEB93	0x005AEB93	8d 04 c8                        	lea     	eax, [eax + ecx*8]
0x009AEB96	0x005AEB96	8b cf                           	mov     	ecx, edi
0x009AEB98	0x005AEB98	50                              	push    	eax
0x009AEB99	0x005AEB99	89 85 14 ff ff ff               	mov     	dword ptr [ebp - 0xec], eax
0x009AEB9F	0x005AEB9F	e8 dc 0d 00 00                  	call    	0x9af980
0x009AEBA4	0x005AEBA4	8b b5 2c ff ff ff               	mov     	esi, dword ptr [ebp - 0xd4]
0x009AEBAA	0x005AEBAA	33 d2                           	xor     	edx, edx
0x009AEBAC	0x005AEBAC	89 95 38 ff ff ff               	mov     	dword ptr [ebp - 0xc8], edx
0x009AEBB2	0x005AEBB2	8b 4c d5 8c                     	mov     	ecx, dword ptr [ebp + edx*8 - 0x74]
0x009AEBB6	0x005AEBB6	8b 44 d5 90                     	mov     	eax, dword ptr [ebp + edx*8 - 0x70]
0x009AEBBA	0x005AEBBA	03 ce                           	add     	ecx, esi
0x009AEBBC	0x005AEBBC	03 c3                           	add     	eax, ebx
0x009AEBBE	0x005AEBBE	83 f9 0c                        	cmp     	ecx, 0xc
0x009AEBC1	0x005AEBC1	0f 87 d7 00 00 00               	ja      	0x9aec9e
0x009AEBC7	0x005AEBC7	83 f8 0c                        	cmp     	eax, 0xc
0x009AEBCA	0x005AEBCA	0f 87 ce 00 00 00               	ja      	0x9aec9e
0x009AEBD0	0x005AEBD0	6b c0 0d                        	imul    	eax, eax, 0xd
0x009AEBD3	0x005AEBD3	03 c1                           	add     	eax, ecx
0x009AEBD5	0x005AEBD5	0f 88 c3 00 00 00               	js      	0x9aec9e
0x009AEBDB	0x005AEBDB	8b 44 87 14                     	mov     	eax, dword ptr [edi + eax*4 + 0x14]
0x009AEBDF	0x005AEBDF	85 c0                           	test    	eax, eax
0x009AEBE1	0x005AEBE1	0f 88 b7 00 00 00               	js      	0x9aec9e
0x009AEBE7	0x005AEBE7	8d 0c c0                        	lea     	ecx, [eax + eax*8]
0x009AEBEA	0x005AEBEA	33 f6                           	xor     	esi, esi
0x009AEBEC	0x005AEBEC	8b 87 64 03 00 00               	mov     	eax, dword ptr [edi + 0x364]
0x009AEBF2	0x005AEBF2	8d 1c c8                        	lea     	ebx, [eax + ecx*8]
0x009AEBF5	0x005AEBF5	8d 43 08                        	lea     	eax, [ebx + 8]
0x009AEBF8	0x005AEBF8	6a 00                           	push    	0
0x009AEBFA	0x005AEBFA	56                              	push    	esi
0x009AEBFB	0x005AEBFB	ff 73 18                        	push    	dword ptr [ebx + 0x18]
0x009AEBFE	0x005AEBFE	8b d0                           	mov     	edx, eax
0x009AEC00	0x005AEC00	8d 8d f4 fe ff ff               	lea     	ecx, [ebp - 0x10c]
0x009AEC06	0x005AEC06	e8 15 0a 00 00                  	call    	0x9af620
0x009AEC0B	0x005AEC0B	8b bd f4 fe ff ff               	mov     	edi, dword ptr [ebp - 0x10c]
0x009AEC11	0x005AEC11	83 c4 0c                        	add     	esp, 0xc
0x009AEC14	0x005AEC14	83 ff 0c                        	cmp     	edi, 0xc
0x009AEC17	0x005AEC17	77 60                           	ja      	0x9aec79
0x009AEC19	0x005AEC19	8b 85 f8 fe ff ff               	mov     	eax, dword ptr [ebp - 0x108]
0x009AEC1F	0x005AEC1F	83 f8 0c                        	cmp     	eax, 0xc
0x009AEC22	0x005AEC22	77 55                           	ja      	0x9aec79
0x009AEC24	0x005AEC24	6b c8 0d                        	imul    	ecx, eax, 0xd
0x009AEC27	0x005AEC27	03 cf                           	add     	ecx, edi
0x009AEC29	0x005AEC29	78 4e                           	js      	0x9aec79
0x009AEC2B	0x005AEC2B	8b 95 00 ff ff ff               	mov     	edx, dword ptr [ebp - 0x100]
0x009AEC31	0x005AEC31	83 7c 8a 14 00                  	cmp     	dword ptr [edx + ecx*4 + 0x14], 0
0x009AEC36	0x005AEC36	7d 41                           	jge     	0x9aec79
0x009AEC38	0x005AEC38	2b 85 24 ff ff ff               	sub     	eax, dword ptr [ebp - 0xdc]
0x009AEC3E	0x005AEC3E	2b bd 2c ff ff ff               	sub     	edi, dword ptr [ebp - 0xd4]
0x009AEC44	0x005AEC44	99                              	cdq     	
0x009AEC45	0x005AEC45	8b c8                           	mov     	ecx, eax
0x009AEC47	0x005AEC47	8b c7                           	mov     	eax, edi
0x009AEC49	0x005AEC49	33 ca                           	xor     	ecx, edx
0x009AEC4B	0x005AEC4B	2b ca                           	sub     	ecx, edx
0x009AEC4D	0x005AEC4D	99                              	cdq     	
0x009AEC4E	0x005AEC4E	33 c2                           	xor     	eax, edx
0x009AEC50	0x005AEC50	2b c2                           	sub     	eax, edx
0x009AEC52	0x005AEC52	03 c8                           	add     	ecx, eax
0x009AEC54	0x005AEC54	83 f9 01                        	cmp     	ecx, 1
0x009AEC57	0x005AEC57	75 20                           	jne     	0x9aec79
0x009AEC59	0x005AEC59	83 fe 08                        	cmp     	esi, 8
0x009AEC5C	0x005AEC5C	0f 83 dc 00 00 00               	jae     	0x9aed3e
0x009AEC62	0x005AEC62	8b c6                           	mov     	eax, esi
0x009AEC64	0x005AEC64	8b ce                           	mov     	ecx, esi
0x009AEC66	0x005AEC66	c1 e8 05                        	shr     	eax, 5
0x009AEC69	0x005AEC69	83 e1 1f                        	and     	ecx, 0x1f
0x009AEC6C	0x005AEC6C	8d 14 83                        	lea     	edx, [ebx + eax*4]
0x009AEC6F	0x005AEC6F	b8 01 00 00 00                  	mov     	eax, 1
0x009AEC74	0x005AEC74	d3 e0                           	shl     	eax, cl
0x009AEC76	0x005AEC76	09 42 1c                        	or      	dword ptr [edx + 0x1c], eax
0x009AEC79	0x005AEC79	46                              	inc     	esi
0x009AEC7A	0x005AEC7A	8d 43 08                        	lea     	eax, [ebx + 8]
0x009AEC7D	0x005AEC7D	83 fe 08                        	cmp     	esi, 8
0x009AEC80	0x005AEC80	0f 8c 72 ff ff ff               	jl      	0x9aebf8
0x009AEC86	0x005AEC86	8b bd 00 ff ff ff               	mov     	edi, dword ptr [ebp - 0x100]
0x009AEC8C	0x005AEC8C	8b 95 38 ff ff ff               	mov     	edx, dword ptr [ebp - 0xc8]
0x009AEC92	0x005AEC92	8b 9d 24 ff ff ff               	mov     	ebx, dword ptr [ebp - 0xdc]
0x009AEC98	0x005AEC98	8b b5 2c ff ff ff               	mov     	esi, dword ptr [ebp - 0xd4]
0x009AEC9E	0x005AEC9E	42                              	inc     	edx
0x009AEC9F	0x005AEC9F	89 95 38 ff ff ff               	mov     	dword ptr [ebp - 0xc8], edx
0x009AECA5	0x005AECA5	83 fa 08                        	cmp     	edx, 8
0x009AECA8	0x005AECA8	0f 82 04 ff ff ff               	jb      	0x9aebb2
0x009AECAE	0x005AECAE	8b 85 74 ff ff ff               	mov     	eax, dword ptr [ebp - 0x8c]
0x009AECB4	0x005AECB4	ff 70 04                        	push    	dword ptr [eax + 4]
0x009AECB7	0x005AECB7	8d 85 74 ff ff ff               	lea     	eax, [ebp - 0x8c]
0x009AECBD	0x005AECBD	50                              	push    	eax
0x009AECBE	0x005AECBE	8b c8                           	mov     	ecx, eax
0x009AECC0	0x005AECC0	e8 7b 58 a7 ff                  	call    	0x424540
0x009AECC5	0x005AECC5	6a 14                           	push    	0x14
0x009AECC7	0x005AECC7	ff b5 74 ff ff ff               	push    	dword ptr [ebp - 0x8c]
0x009AECCD	0x005AECCD	e8 8a 04 14 00                  	call    	0xaef15c
0x009AECD2	0x005AECD2	8b b5 14 ff ff ff               	mov     	esi, dword ptr [ebp - 0xec]
0x009AECD8	0x005AECD8	83 c4 08                        	add     	esp, 8
0x009AECDB	0x005AECDB	8b 8d 3c ff ff ff               	mov     	ecx, dword ptr [ebp - 0xc4]
0x009AECE1	0x005AECE1	eb 02                           	jmp     	0x9aece5
0x009AECE3	0x005AECE3	33 f6                           	xor     	esi, esi
0x009AECE5	0x005AECE5	85 c9                           	test    	ecx, ecx
0x009AECE7	0x005AECE7	74 35                           	je      	0x9aed1e
0x009AECE9	0x005AECE9	8b 95 28 ff ff ff               	mov     	edx, dword ptr [ebp - 0xd8]
0x009AECEF	0x005AECEF	8b c1                           	mov     	eax, ecx
0x009AECF1	0x005AECF1	2b d1                           	sub     	edx, ecx
0x009AECF3	0x005AECF3	83 e2 fc                        	and     	edx, 0xfffffffc
0x009AECF6	0x005AECF6	81 fa 00 10 00 00               	cmp     	edx, 0x1000
0x009AECFC	0x005AECFC	72 16                           	jb      	0x9aed14
0x009AECFE	0x005AECFE	8b 49 fc                        	mov     	ecx, dword ptr [ecx - 4]
0x009AED01	0x005AED01	83 c2 23                        	add     	edx, 0x23
0x009AED04	0x005AED04	2b c1                           	sub     	eax, ecx
0x009AED06	0x005AED06	83 c0 fc                        	add     	eax, -4
0x009AED09	0x005AED09	83 f8 1f                        	cmp     	eax, 0x1f
0x009AED0C	0x005AED0C	76 06                           	jbe     	0x9aed14
0x009AED0E	0x005AED0E	ff 15 94 88 b1 00               	call    	dword ptr [0xb18894]
0x009AED14	0x005AED14	52                              	push    	edx
0x009AED15	0x005AED15	51                              	push    	ecx
0x009AED16	0x005AED16	e8 41 04 14 00                  	call    	0xaef15c
0x009AED1B	0x005AED1B	83 c4 08                        	add     	esp, 8
0x009AED1E	0x005AED1E	8b c6                           	mov     	eax, esi
0x009AED20	0x005AED20	8b 4d f4                        	mov     	ecx, dword ptr [ebp - 0xc]
0x009AED23	0x005AED23	64 89 0d 00 00 00 00            	mov     	dword ptr fs:[0], ecx
0x009AED2A	0x005AED2A	59                              	pop     	ecx
0x009AED2B	0x005AED2B	5f                              	pop     	edi
0x009AED2C	0x005AED2C	5e                              	pop     	esi
0x009AED2D	0x005AED2D	5b                              	pop     	ebx
